tick,stage,speed_kph,steering_cmd_norm,steering_wheel_deg,steering_input,throttle_cmd,brake_cmd,lane_offset,lane_confidence,route_heading_error_deg,route_lookahead_m,route_speed_target_kph,route_curve_speed_cap_kph,route_preview_curvature,route_preview_distance_m,route_progress_index,sensor_near_offset,sensor_far_offset,sensor_heading_hint,sensor_curvature_hint,sensor_width_norm,sensor_sample_count,sensor_speed_target_kph,sensor_curve_speed_cap_kph,sensor_obstacle_speed_cap_kph,sensor_lateral_accel_cap_kph,sensor_depth_min_m,sensor_close_fraction,sensor_lateral_accel_mps2,imitation_pred_norm,damage
1,ai,2.681,0.000000,-86.114,0.193925,0.000000,0.000000,0.000000,1.000,0.000,0.000,0.000,0.000,0.000000,0.000,0,0.000000,0.000000,0.000000,0.000000,0.000000,0,130.000,0.000,0.000,0.000,inf,0.000000,0.000000,0.000000,0.000
2,ai,6.100,0.000000,-107.678,0.205847,0.000000,0.000000,0.000000,1.000,0.000,0.000,0.000,0.000,0.000000,0.000,0,0.000000,0.000000,0.000000,0.000000,0.000000,0,130.000,0.000,0.000,0.000,inf,0.000000,0.000000,0.000000,0.000
3,ai,9.613,0.000000,-74.573,0.138321,0.000000,0.000000,0.000000,1.000,0.000,0.000,0.000,0.000,0.000000,0.000,0,0.000000,0.000000,0.000000,0.000000,0.000000,0,130.000,0.000,0.000,0.000,inf,0.000000,0.000000,0.000000,0.000
4,ai,14.703,0.000000,-29.226,0.047062,0.000000,0.000000,0.000000,1.000,0.000,0.000,0.000,0.000,0.000000,0.000,0,0.000000,0.000000,0.000000,0.000000,0.000000,0,130.000,0.000,0.000,0.000,inf,0.000000,0.000000,0.000000,0.000
5,ai,21.641,0.000000,34.925,-0.077241,0.000000,0.000000,0.000000,1.000,0.000,0.000,0.000,0.000,0.000000,0.000,0,0.000000,0.000000,0.000000,0.000000,0.000000,0,130.000,0.000,0.000,0.000,inf,0.000000,0.000000,0.000000,0.000
6,ai,29.584,0.000000,75.164,-0.155323,0.000000,0.000000,0.000000,1.000,0.000,0.000,0.000,0.000,0.000000,0.000,0,0.000000,0.000000,0.000000,0.000000,0.000000,0,130.000,0.000,0.000,0.000,inf,0.000000,0.000000,0.000000,0.000
7,ai,37.085,0.000000,85.935,-0.161874,0.000000,0.000000,0.000000,1.000,0.000,0.000,0.000,0.000,0.000000,0.000,0,0.000000,0.000000,0.000000,0.000000,0.000000,0,130.000,0.000,0.000,0.000,inf,0.000000,0.000000,0.000000,0.000
8,ai,43.056,0.000000,44.926,-0.081771,0.000000,0.000000,0.000000,1.000,0.000,0.000,0.000,0.000,0.000000,0.000,0,0.000000,0.000000,0.000000,0.000000,0.000000,0,130.000,0.000,0.000,0.000,inf,0.000000,0.000000,0.000000,0.000
9,ai,48.738,0.000000,28.650,-0.055961,0.000000,0.000000,0.000000,1.000,0.000,0.000,0.000,0.000,0.000000,0.000,0,0.000000,0.000000,0.000000,0.000000,0.000000,0,130.000,0.000,0.000,0.000,inf,0.000000,0.000000,0.000000,0.000
10,ai,54.345,0.000000,32.623,-0.065402,0.000000,0.000000,0.000000,1.000,0.000,0.000,0.000,0.000,0.000000,0.000,0,0.000000,0.000000,0.000000,0.000000,0.000000,0,130.000,0.000,0.000,0.000,inf,0.000000,0.000000,0.000000,0.000
11,ai,59.607,0.000000,39.289,-0.078006,0.000000,0.000000,0.000000,1.000,0.000,0.000,0.000,0.000,0.000000,0.000,0,0.000000,0.000000,0.000000,0.000000,0.000000,0,130.000,0.000,0.000,0.000,inf,0.000000,0.000000,0.000000,0.000
12,ai,63.876,0.000000,42.137,-0.082506,0.000000,0.000000,0.000000,1.000,0.000,0.000,0.000,0.000,0.000000,0.000,0,0.000000,0.000000,0.000000,0.000000,0.000000,0,130.000,0.000,0.000,0.000,inf,0.000000,0.000000,0.000000,0.000
13,ai,67.746,0.000000,39.959,-0.077498,0.000000,0.000000,0.000000,1.000,0.000,0.000,0.000,0.000,0.000000,0.000,0,0.000000,0.000000,0.000000,0.000000,0.000000,0,130.000,0.000,0.000,0.000,inf,0.000000,0.000000,0.000000,0.000
14,ai,72.111,0.000000,36.193,-0.070534,0.000000,0.000000,0.000000,1.000,0.000,0.000,0.000,0.000,0.000000,0.000,0,0.000000,0.000000,0.000000,0.000000,0.000000,0,130.000,0.000,0.000,0.000,inf,0.000000,0.000000,0.000000,0.000
15,ai,76.034,0.000000,34.173,-0.066057,0.000000,0.000000,0.000000,1.000,0.000,0.000,0.000,0.000,0.000000,0.000,0,0.000000,0.000000,0.000000,0.000000,0.000000,0,130.000,0.000,0.000,0.000,inf,0.000000,0.000000,0.000000,0.000
16,ai,79.769,0.000000,25.272,-0.047270,0.000000,0.000000,0.000000,1.000,0.000,0.000,0.000,0.000,0.000000,0.000,0,0.000000,0.000000,0.000000,0.000000,0.000000,0,130.000,0.000,0.000,0.000,inf,0.000000,0.000000,0.000000,0.000
17,ai,83.318,0.000000,13.902,-0.025475,0.000000,0.000000,0.000000,1.000,0.000,0.000,0.000,0.000,0.000000,0.000,0,0.000000,0.000000,0.000000,0.000000,0.000000,0,130.000,0.000,0.000,0.000,inf,0.000000,0.000000,0.000000,0.000
18,ai,86.939,0.000000,5.775,-0.010011,0.000000,0.000000,0.000000,1.000,0.000,0.000,0.000,0.000,0.000000,0.000,0,0.000000,0.000000,0.000000,0.000000,0.000000,0,130.000,0.000,0.000,0.000,inf,0.000000,0.000000,0.000000,0.000
19,ai,90.322,0.000000,2.175,-0.004203,0.000000,0.000000,0.000000,1.000,0.000,0.000,0.000,0.000,0.000000,0.000,0,0.000000,0.000000,0.000000,0.000000,0.000000,0,130.000,0.000,0.000,0.000,inf,0.000000,0.000000,0.000000,0.000
20,ai,92.883,0.000000,1.711,-0.003130,0.000000,0.000000,0.000000,1.000,0.000,0.000,0.000,0.000,0.000000,0.000,0,0.000000,0.000000,0.000000,0.000000,0.000000,0,130.000,0.000,0.000,0.000,inf,0.000000,0.000000,0.000000,0.000
21,ai,95.059,0.000000,0.344,-0.000561,0.000000,0.000000,0.000000,1.000,0.000,0.000,0.000,0.000,0.000000,0.000,0,0.000000,0.000000,0.000000,0.000000,0.000000,0,130.000,0.000,0.000,0.000,inf,0.000000,0.000000,0.000000,0.000
22,ai,95.732,0.000000,-0.100,0.000319,0.000000,0.000000,0.000000,1.000,0.000,0.000,0.000,0.000,0.000000,0.000,0,0.000000,0.000000,0.000000,0.000000,0.000000,0,130.000,0.000,0.000,0.000,inf,0.000000,0.000000,0.000000,0.000
23,ai,95.823,0.000000,-0.498,0.001038,0.000000,0.000000,0.000000,1.000,0.000,0.000,0.000,0.000,0.000000,0.000,0,0.000000,0.000000,0.000000,0.000000,0.000000,0,130.000,0.000,0.000,0.000,inf,0.000000,0.000000,0.000000,0.000
24,ai,96.057,0.000000,-0.721,0.001433,0.000000,0.000000,0.000000,1.000,0.000,0.000,0.000,0.000,0.000000,0.000,0,0.000000,0.000000,0.000000,0.000000,0.000000,0,130.000,0.000,0.000,0.000,inf,0.000000,0.000000,0.000000,0.000
25,ai,96.193,0.000000,-0.815,0.001615,0.000000,0.000000,0.000000,1.000,0.000,0.000,0.000,0.000,0.000000,0.000,0,0.000000,0.000000,0.000000,0.000000,0.000000,0,130.000,0.000,0.000,0.000,inf,0.000000,0.000000,0.000000,0.000
26,ai,96.345,0.000000,-0.868,0.001723,0.000000,0.000000,0.000000,1.000,0.000,0.000,0.000,0.000,0.000000,0.000,0,0.000000,0.000000,0.000000,0.000000,0.000000,0,130.000,0.000,0.000,0.000,inf,0.000000,0.000000,0.000000,0.000
27,ai,96.465,0.000000,-0.913,0.001793,0.000000,0.000000,0.000000,1.000,0.000,0.000,0.000,0.000,0.000000,0.000,0,0.000000,0.000000,0.000000,0.000000,0.000000,0,130.000,0.000,0.000,0.000,inf,0.000000,0.000000,0.000000,0.000
28,ai,96.550,0.000000,-0.960,0.001914,0.000000,0.000000,0.000000,1.000,0.000,0.000,0.000,0.000,0.000000,0.000,0,0.000000,0.000000,0.000000,0.000000,0.000000,0,130.000,0.000,0.000,0.000,inf,0.000000,0.000000,0.000000,0.000
29,ai,96.366,0.000000,-1.052,0.002083,0.000000,0.000000,0.000000,1.000,0.000,0.000,0.000,0.000,0.000000,0.000,0,0.000000,0.000000,0.000000,0.000000,0.000000,0,130.000,0.000,0.000,0.000,inf,0.000000,0.000000,0.000000,0.000
30,ai,96.492,0.000000,-1.134,0.002239,0.000000,0.000000,0.000000,1.000,0.000,0.000,0.000,0.000,0.000000,0.000,0,0.000000,0.000000,0.000000,0.000000,0.000000,0,130.000,0.000,0.000,0.000,inf,0.000000,0.000000,0.000000,0.000
31,ai,96.586,0.000000,-1.206,0.002362,0.000000,0.000000,0.000000,1.000,0.000,0.000,0.000,0.000,0.000000,0.000,0,0.000000,0.000000,0.000000,0.000000,0.000000,0,130.000,0.000,0.000,0.000,inf,0.000000,0.000000,0.000000,0.000
32,ai,96.503,0.000000,-1.220,0.002385,0.000000,0.000000,0.000000,1.000,0.000,0.000,0.000,0.000,0.000000,0.000,0,0.000000,0.000000,0.000000,0.000000,0.000000,0,130.000,0.000,0.000,0.000,inf,0.000000,0.000000,0.000000,0.000
33,ai,96.701,0.000000,-1.238,0.002423,0.000000,0.000000,0.000000,1.000,0.000,0.000,0.000,0.000,0.000000,0.000,0,0.000000,0.000000,0.000000,0.000000,0.000000,0,130.000,0.000,0.000,0.000,inf,0.000000,0.000000,0.000000,0.000
34,ai,96.929,0.000000,-1.231,0.002424,0.000000,0.000000,0.000000,1.000,0.000,0.000,0.000,0.000,0.000000,0.000,0,0.000000,0.000000,0.000000,0.000000,0.000000,0,130.000,0.000,0.000,0.000,inf,0.000000,0.000000,0.000000,0.000
35,ai,96.802,0.000000,-1.293,0.002550,0.000000,0.000000,0.000000,1.000,0.000,0.000,0.000,0.000,0.000000,0.000,0,0.000000,0.000000,0.000000,0.000000,0.000000,0,130.000,0.000,0.000,0.000,inf,0.000000,0.000000,0.000000,0.000
36,ai,96.964,0.000000,-1.388,0.002732,0.000000,0.000000,0.000000,1.000,0.000,0.000,0.000,0.000,0.000000,0.000,0,0.000000,0.000000,0.000000,0.000000,0.000000,0,130.000,0.000,0.000,0.000,inf,0.000000,0.000000,0.000000,0.000
37,ai,96.713,0.000000,-1.457,0.002878,0.000000,0.000000,0.000000,1.000,0.000,0.000,0.000,0.000,0.000000,0.000,0,0.000000,0.000000,0.000000,0.000000,0.000000,0,130.000,0.000,0.000,0.000,inf,0.000000,0.000000,0.000000,0.000
38,ai,96.795,0.000000,-1.575,0.003122,0.000000,0.000000,0.000000,1.000,0.000,0.000,0.000,0.000,0.000000,0.000,0,0.000000,0.000000,0.000000,0.000000,0.000000,0,130.000,0.000,0.000,0.000,inf,0.000000,0.000000,0.000000,0.000
39,ai,96.814,0.000000,-1.691,0.003342,0.000000,0.000000,0.000000,1.000,0.000,0.000,0.000,0.000,0.000000,0.000,0,0.000000,0.000000,0.000000,0.000000,0.000000,0,130.000,0.000,0.000,0.000,inf,0.000000,0.000000,0.000000,0.000
40,ai,96.848,0.000000,-1.761,0.003470,0.000000,0.000000,0.000000,1.000,0.000,0.000,0.000,0.000,0.000000,0.000,0,0.000000,0.000000,0.000000,0.000000,0.000000,0,130.000,0.000,0.000,0.000,inf,0.000000,0.000000,0.000000,0.000
41,ai,96.717,0.000000,-1.799,0.003527,0.000000,0.000000,0.000000,1.000,0.000,0.000,0.000,0.000,0.000000,0.000,0,0.000000,0.000000,0.000000,0.000000,0.000000,0,130.000,0.000,0.000,0.000,inf,0.000000,0.000000,0.000000,0.000
42,ai,96.712,0.000000,-1.826,0.003592,0.000000,0.000000,0.000000,1.000,0.000,0.000,0.000,0.000,0.000000,0.000,0,0.000000,0.000000,0.000000,0.000000,0.000000,0,130.000,0.000,0.000,0.000,inf,0.000000,0.000000,0.000000,0.000
43,ai,96.763,0.000000,-1.856,0.003648,0.000000,0.000000,0.000000,1.000,0.000,0.000,0.000,0.000,0.000000,0.000,0,0.000000,0.000000,0.000000,0.000000,0.000000,0,130.000,0.000,0.000,0.000,inf,0.000000,0.000000,0.000000,0.000
44,ai,96.778,0.000000,-1.838,0.003602,0.000000,0.000000,0.000000,1.000,0.000,0.000,0.000,0.000,0.000000,0.000,0,0.000000,0.000000,0.000000,0.000000,0.000000,0,130.000,0.000,0.000,0.000,inf,0.000000,0.000000,0.000000,0.000
45,ai,96.768,0.000000,-1.809,0.003546,0.000000,0.000000,0.000000,1.000,0.000,0.000,0.000,0.000,0.000000,0.000,0,0.000000,0.000000,0.000000,0.000000,0.000000,0,130.000,0.000,0.000,0.000,inf,0.000000,0.000000,0.000000,0.000
46,ai,96.757,0.000000,-1.771,0.003444,0.000000,0.000000,0.000000,1.000,0.000,0.000,0.000,0.000,0.000000,0.000,0,0.000000,0.000000,0.000000,0.000000,0.000000,0,130.000,0.000,0.000,0.000,inf,0.000000,0.000000,0.000000,0.000
47,ai,96.836,0.000000,-1.718,0.003340,0.000000,0.000000,0.000000,1.000,0.000,0.000,0.000,0.000,0.000000,0.000,0,0.000000,0.000000,0.000000,0.000000,0.000000,0,130.000,0.000,0.000,0.000,inf,0.000000,0.000000,0.000000,0.000
48,ai,96.848,0.000000,-1.678,0.003285,0.000000,0.000000,0.000000,1.000,0.000,0.000,0.000,0.000,0.000000,0.000,0,0.000000,0.000000,0.000000,0.000000,0.000000,0,130.000,0.000,0.000,0.000,inf,0.000000,0.000000,0.000000,0.000
49,ai,96.712,0.000000,-1.655,0.003245,0.000000,0.000000,0.000000,1.000,0.000,0.000,0.000,0.000,0.000000,0.000,0,0.000000,0.000000,0.000000,0.000000,0.000000,0,130.000,0.000,0.000,0.000,inf,0.000000,0.000000,0.000000,0.000
50,ai,96.886,0.000000,-1.634,0.003200,0.000000,0.000000,0.000000,1.000,0.000,0.000,0.000,0.000,0.000000,0.000,0,0.000000,0.000000,0.000000,0.000000,0.000000,0,130.000,0.000,0.000,0.000,inf,0.000000,0.000000,0.000000,0.000
51,ai,96.740,0.000000,-1.632,0.003196,0.000000,0.000000,0.000000,1.000,0.000,0.000,0.000,0.000,0.000000,0.000,0,0.000000,0.000000,0.000000,0.000000,0.000000,0,130.000,0.000,0.000,0.000,inf,0.000000,0.000000,0.000000,0.000
52,ai,96.752,0.000000,-1.617,0.003168,0.000000,0.000000,0.000000,1.000,0.000,0.000,0.000,0.000,0.000000,0.000,0,0.000000,0.000000,0.000000,0.000000,0.000000,0,130.000,0.000,0.000,0.000,inf,0.000000,0.000000,0.000000,0.000
53,ai,96.758,0.000000,-1.608,0.003152,0.000000,0.000000,0.000000,1.000,0.000,0.000,0.000,0.000,0.000000,0.000,0,0.000000,0.000000,0.000000,0.000000,0.000000,0,130.000,0.000,0.000,0.000,inf,0.000000,0.000000,0.000000,0.000
54,ai,96.897,0.000000,-1.598,0.003137,0.000000,0.000000,0.000000,1.000,0.000,0.000,0.000,0.000,0.000000,0.000,0,0.000000,0.000000,0.000000,0.000000,0.000000,0,130.000,0.000,0.000,0.000,inf,0.000000,0.000000,0.000000,0.000
55,ai,96.902,0.000000,-1.582,0.003097,0.000000,0.000000,0.000000,1.000,0.000,0.000,0.000,0.000,0.000000,0.000,0,0.000000,0.000000,0.000000,0.000000,0.000000,0,130.000,0.000,0.000,0.000,inf,0.000000,0.000000,0.000000,0.000
56,ai,96.939,0.000000,-1.553,0.003044,0.000000,0.000000,0.000000,1.000,0.000,0.000,0.000,0.000,0.000000,0.000,0,0.000000,0.000000,0.000000,0.000000,0.000000,0,130.000,0.000,0.000,0.000,inf,0.000000,0.000000,0.000000,0.000
57,ai,96.734,0.000000,-1.560,0.003056,0.000000,0.000000,0.000000,1.000,0.000,0.000,0.000,0.000,0.000000,0.000,0,0.000000,0.000000,0.000000,0.000000,0.000000,0,130.000,0.000,0.000,0.000,inf,0.000000,0.000000,0.000000,0.000
58,ai,96.807,0.000000,-1.600,0.003152,0.000000,0.000000,0.000000,1.000,0.000,0.000,0.000,0.000,0.000000,0.000,0,0.000000,0.000000,0.000000,0.000000,0.000000,0,130.000,0.000,0.000,0.000,inf,0.000000,0.000000,0.000000,0.000
59,ai,96.668,0.000000,-1.638,0.003216,0.000000,0.000000,0.000000,1.000,0.000,0.000,0.000,0.000,0.000000,0.000,0,0.000000,0.000000,0.000000,0.000000,0.000000,0,130.000,0.000,0.000,0.000,inf,0.000000,0.000000,0.000000,0.000
60,ai,96.746,0.000000,-1.638,0.003192,0.000000,0.000000,0.000000,1.000,0.000,0.000,0.000,0.000,0.000000,0.000,0,0.000000,0.000000,0.000000,0.000000,0.000000,0,130.000,0.000,0.000,0.000,inf,0.000000,0.000000,0.000000,0.000
61,ai,96.694,0.000000,-1.590,0.003098,0.000000,0.000000,0.000000,1.000,0.000,0.000,0.000,0.000,0.000000,0.000,0,0.000000,0.000000,0.000000,0.000000,0.000000,0,130.000,0.000,0.000,0.000,inf,0.000000,0.000000,0.000000,0.000
62,ai,96.657,0.000000,-1.531,0.003012,0.000000,0.000000,0.000000,1.000,0.000,0.000,0.000,0.000,0.000000,0.000,0,0.000000,0.000000,0.000000,0.000000,0.000000,0,130.000,0.000,0.000,0.000,inf,0.000000,0.000000,0.000000,0.000
63,ai,96.537,0.000000,-1.475,0.002899,0.000000,0.000000,0.000000,1.000,0.000,0.000,0.000,0.000,0.000000,0.000,0,0.000000,0.000000,0.000000,0.000000,0.000000,0,130.000,0.000,0.000,0.000,inf,0.000000,0.000000,0.000000,0.000
64,ai,96.672,0.000000,-1.408,0.002748,0.000000,0.000000,0.000000,1.000,0.000,0.000,0.000,0.000,0.000000,0.000,0,0.000000,0.000000,0.000000,0.000000,0.000000,0,130.000,0.000,0.000,0.000,inf,0.000000,0.000000,0.000000,0.000
65,ai,96.907,0.000000,-1.344,0.002624,0.000000,0.000000,0.000000,1.000,0.000,0.000,0.000,0.000,0.000000,0.000,0,0.000000,0.000000,0.000000,0.000000,0.000000,0,130.000,0.000,0.000,0.000,inf,0.000000,0.000000,0.000000,0.000
66,ai,96.848,0.000000,-1.296,0.002512,0.000000,0.000000,0.000000,1.000,0.000,0.000,0.000,0.000,0.000000,0.000,0,0.000000,0.000000,0.000000,0.000000,0.000000,0,130.000,0.000,0.000,0.000,inf,0.000000,0.000000,0.000000,0.000
67,ai,96.878,0.000000,-1.204,0.002332,0.000000,0.000000,0.000000,1.000,0.000,0.000,0.000,0.000,0.000000,0.000,0,0.000000,0.000000,0.000000,0.000000,0.000000,0,130.000,0.000,0.000,0.000,inf,0.000000,0.000000,0.000000,0.000
68,ai,97.077,0.000000,-1.103,0.002161,0.000000,0.000000,0.000000,1.000,0.000,0.000,0.000,0.000,0.000000,0.000,0,0.000000,0.000000,0.000000,0.000000,0.000000,0,130.000,0.000,0.000,0.000,inf,0.000000,0.000000,0.000000,0.000
69,ai,97.060,0.000000,-1.011,0.001977,0.000000,0.000000,0.000000,1.000,0.000,0.000,0.000,0.000,0.000000,0.000,0,0.000000,0.000000,0.000000,0.000000,0.000000,0,130.000,0.000,0.000,0.000,inf,0.000000,0.000000,0.000000,0.000
70,ai,97.016,0.000000,-0.961,0.001873,0.000000,0.000000,0.000000,1.000,0.000,0.000,0.000,0.000,0.000000,0.000,0,0.000000,0.000000,0.000000,0.000000,0.000000,0,130.000,0.000,0.000,0.000,inf,0.000000,0.000000,0.000000,0.000
71,ai,97.001,0.000000,-0.951,0.001853,0.000000,0.000000,0.000000,1.000,0.000,0.000,0.000,0.000,0.000000,0.000,0,0.000000,0.000000,0.000000,0.000000,0.000000,0,130.000,0.000,0.000,0.000,inf,0.000000,0.000000,0.000000,0.000
72,ai,97.119,0.000000,-0.939,0.001845,0.000000,0.000000,0.000000,1.000,0.000,0.000,0.000,0.000,0.000000,0.000,0,0.000000,0.000000,0.000000,0.000000,0.000000,0,130.000,0.000,0.000,0.000,inf,0.000000,0.000000,0.000000,0.000
73,ai,97.128,0.000000,-0.939,0.001831,0.000000,0.000000,0.000000,1.000,0.000,0.000,0.000,0.000,0.000000,0.000,0,0.000000,0.000000,0.000000,0.000000,0.000000,0,130.000,0.000,0.000,0.000,inf,0.000000,0.000000,0.000000,0.000
74,ai,96.942,0.000000,-0.972,0.001898,0.000000,0.000000,0.000000,1.000,0.000,0.000,0.000,0.000,0.000000,0.000,0,0.000000,0.000000,0.000000,0.000000,0.000000,0,130.000,0.000,0.000,0.000,inf,0.000000,0.000000,0.000000,0.000
75,ai,97.237,0.000000,-1.007,0.002004,0.000000,0.000000,0.000000,1.000,0.000,0.000,0.000,0.000,0.000000,0.000,0,0.000000,0.000000,0.000000,0.000000,0.000000,0,130.000,0.000,0.000,0.000,inf,0.000000,0.000000,0.000000,0.000
76,ai,97.031,0.000000,-1.034,0.002028,0.000000,0.000000,0.000000,1.000,0.000,0.000,0.000,0.000,0.000000,0.000,0,0.000000,0.000000,0.000000,0.000000,0.000000,0,130.000,0.000,0.000,0.000,inf,0.000000,0.000000,0.000000,0.000
77,ai,97.049,0.000000,-1.056,0.002066,0.000000,0.000000,0.000000,1.000,0.000,0.000,0.000,0.000,0.000000,0.000,0,0.000000,0.000000,0.000000,0.000000,0.000000,0,130.000,0.000,0.000,0.000,inf,0.000000,0.000000,0.000000,0.000
78,ai,96.729,0.000000,-1.096,0.002145,0.000000,0.000000,0.000000,1.000,0.000,0.000,0.000,0.000,0.000000,0.000,0,0.000000,0.000000,0.000000,0.000000,0.000000,0,130.000,0.000,0.000,0.000,inf,0.000000,0.000000,0.000000,0.000
79,ai,96.744,0.000000,-1.135,0.002232,0.000000,0.000000,0.000000,1.000,0.000,0.000,0.000,0.000,0.000000,0.000,0,0.000000,0.000000,0.000000,0.000000,0.000000,0,130.000,0.000,0.000,0.000,inf,0.000000,0.000000,0.000000,0.000
80,ai,96.887,0.000000,-1.131,0.002234,0.000000,0.000000,0.000000,1.000,0.000,0.000,0.000,0.000,0.000000,0.000,0,0.000000,0.000000,0.000000,0.000000,0.000000,0,130.000,0.000,0.000,0.000,inf,0.000000,0.000000,0.000000,0.000
81,ai,96.904,0.000000,-1.116,0.002190,0.000000,0.000000,0.000000,1.000,0.000,0.000,0.000,0.000,0.000000,0.000,0,0.000000,0.000000,0.000000,0.000000,0.000000,0,130.000,0.000,0.000,0.000,inf,0.000000,0.000000,0.000000,0.000
82,ai,96.853,0.000000,-1.078,0.002102,0.000000,0.000000,0.000000,1.000,0.000,0.000,0.000,0.000,0.000000,0.000,0,0.000000,0.000000,0.000000,0.000000,0.000000,0,130.000,0.000,0.000,0.000,inf,0.000000,0.000000,0.000000,0.000
83,ai,96.830,0.000000,-0.999,0.001918,0.000000,0.000000,0.000000,1.000,0.000,0.000,0.000,0.000,0.000000,0.000,0,0.000000,0.000000,0.000000,0.000000,0.000000,0,130.000,0.000,0.000,0.000,inf,0.000000,0.000000,0.000000,0.000
84,ai,96.850,0.000000,-0.884,0.001704,0.000000,0.000000,0.000000,1.000,0.000,0.000,0.000,0.000,0.000000,0.000,0,0.000000,0.000000,0.000000,0.000000,0.000000,0,130.000,0.000,0.000,0.000,inf,0.000000,0.000000,0.000000,0.000
85,ai,96.605,0.000000,-0.779,0.001519,0.000000,0.000000,0.000000,1.000,0.000,0.000,0.000,0.000,0.000000,0.000,0,0.000000,0.000000,0.000000,0.000000,0.000000,0,130.000,0.000,0.000,0.000,inf,0.000000,0.000000,0.000000,0.000
86,ai,96.743,0.000000,-0.705,0.001362,0.000000,0.000000,0.000000,1.000,0.000,0.000,0.000,0.000,0.000000,0.000,0,0.000000,0.000000,0.000000,0.000000,0.000000,0,130.000,0.000,0.000,0.000,inf,0.000000,0.000000,0.000000,0.000
87,ai,96.787,0.000000,-0.662,0.001277,0.000000,0.000000,0.000000,1.000,0.000,0.000,0.000,0.000,0.000000,0.000,0,0.000000,0.000000,0.000000,0.000000,0.000000,0,130.000,0.000,0.000,0.000,inf,0.000000,0.000000,0.000000,0.000
88,ai,96.624,0.000000,-0.678,0.001342,0.000000,0.000000,0.000000,1.000,0.000,0.000,0.000,0.000,0.000000,0.000,0,0.000000,0.000000,0.000000,0.000000,0.000000,0,130.000,0.000,0.000,0.000,inf,0.000000,0.000000,0.000000,0.000
89,ai,96.729,0.000000,-0.741,0.001446,0.000000,0.000000,0.000000,1.000,0.000,0.000,0.000,0.000,0.000000,0.000,0,0.000000,0.000000,0.000000,0.000000,0.000000,0,130.000,0.000,0.000,0.000,inf,0.000000,0.000000,0.000000,0.000
90,ai,96.761,0.000000,-0.797,0.001589,0.000000,0.000000,0.000000,1.000,0.000,0.000,0.000,0.000,0.000000,0.000,0,0.000000,0.000000,0.000000,0.000000,0.000000,0,130.000,0.000,0.000,0.000,inf,0.000000,0.000000,0.000000,0.000
91,ai,96.820,0.000000,-0.904,0.001796,0.000000,0.000000,0.000000,1.000,0.000,0.000,0.000,0.000,0.000000,0.000,0,0.000000,0.000000,0.000000,0.000000,0.000000,0,130.000,0.000,0.000,0.000,inf,0.000000,0.000000,0.000000,0.000
92,ai,96.740,0.000000,-1.048,0.002089,0.000000,0.000000,0.000000,1.000,0.000,0.000,0.000,0.000,0.000000,0.000,0,0.000000,0.000000,0.000000,0.000000,0.000000,0,130.000,0.000,0.000,0.000,inf,0.000000,0.000000,0.000000,0.000
93,ai,96.813,0.000000,-1.233,0.002462,0.000000,0.000000,0.000000,1.000,0.000,0.000,0.000,0.000,0.000000,0.000,0,0.000000,0.000000,0.000000,0.000000,0.000000,0,130.000,0.000,0.000,0.000,inf,0.000000,0.000000,0.000000,0.000
94,ai,96.829,0.000000,-1.543,0.003087,0.000000,0.000000,0.000000,1.000,0.000,0.000,0.000,0.000,0.000000,0.000,0,0.000000,0.000000,0.000000,0.000000,0.000000,0,130.000,0.000,0.000,0.000,inf,0.000000,0.000000,0.000000,0.000
95,ai,96.899,0.000000,-1.933,0.003882,0.000000,0.000000,0.000000,1.000,0.000,0.000,0.000,0.000,0.000000,0.000,0,0.000000,0.000000,0.000000,0.000000,0.000000,0,130.000,0.000,0.000,0.000,inf,0.000000,0.000000,0.000000,0.000
96,ai,96.765,0.000000,-2.396,0.004797,0.000000,0.000000,0.000000,1.000,0.000,0.000,0.000,0.000,0.000000,0.000,0,0.000000,0.000000,0.000000,0.000000,0.000000,0,130.000,0.000,0.000,0.000,inf,0.000000,0.000000,0.000000,0.000
97,ai,96.695,0.000000,-2.894,0.005755,0.000000,0.000000,0.000000,1.000,0.000,0.000,0.000,0.000,0.000000,0.000,0,0.000000,0.000000,0.000000,0.000000,0.000000,0,130.000,0.000,0.000,0.000,inf,0.000000,0.000000,0.000000,0.000
98,ai,96.467,0.000000,-3.382,0.006723,0.000000,0.000000,0.000000,1.000,0.000,0.000,0.000,0.000,0.000000,0.000,0,0.000000,0.000000,0.000000,0.000000,0.000000,0,130.000,0.000,0.000,0.000,inf,0.000000,0.000000,0.000000,0.000
99,ai,96.558,0.000000,-3.827,0.007582,0.000000,0.000000,0.000000,1.000,0.000,0.000,0.000,0.000,0.000000,0.000,0,0.000000,0.000000,0.000000,0.000000,0.000000,0,130.000,0.000,0.000,0.000,inf,0.000000,0.000000,0.000000,0.000
100,ai,96.660,0.000000,-4.159,0.008197,0.000000,0.000000,0.000000,1.000,0.000,0.000,0.000,0.000,0.000000,0.000,0,0.000000,0.000000,0.000000,0.000000,0.000000,0,130.000,0.000,0.000,0.000,inf,0.000000,0.000000,0.000000,0.000
101,ai,96.570,0.000000,-4.261,0.008367,0.000000,0.000000,0.000000,1.000,0.000,0.000,0.000,0.000,0.000000,0.000,0,0.000000,0.000000,0.000000,0.000000,0.000000,0,130.000,0.000,0.000,0.000,inf,0.000000,0.000000,0.000000,0.000
102,ai,96.931,0.000000,-4.135,0.008062,0.000000,0.000000,0.000000,1.000,0.000,0.000,0.000,0.000,0.000000,0.000,0,0.000000,0.000000,0.000000,0.000000,0.000000,0,130.000,0.000,0.000,0.000,inf,0.000000,0.000000,0.000000,0.000
103,ai,96.691,0.000000,-3.773,0.007323,0.000000,0.000000,0.000000,1.000,0.000,0.000,0.000,0.000,0.000000,0.000,0,0.000000,0.000000,0.000000,0.000000,0.000000,0,130.000,0.000,0.000,0.000,inf,0.000000,0.000000,0.000000,0.000
104,ai,96.620,0.000000,-3.229,0.006216,0.000000,0.000000,0.000000,1.000,0.000,0.000,0.000,0.000,0.000000,0.000,0,0.000000,0.000000,0.000000,0.000000,0.000000,0,130.000,0.000,0.000,0.000,inf,0.000000,0.000000,0.000000,0.000
105,ai,96.487,0.000000,-2.499,0.004732,0.000000,0.000000,0.000000,1.000,0.000,0.000,0.000,0.000,0.000000,0.000,0,0.000000,0.000000,0.000000,0.000000,0.000000,0,130.000,0.000,0.000,0.000,inf,0.000000,0.000000,0.000000,0.000
106,ai,96.591,0.000000,-1.598,0.002980,0.000000,0.000000,0.000000,1.000,0.000,0.000,0.000,0.000,0.000000,0.000,0,0.000000,0.000000,0.000000,0.000000,0.000000,0,130.000,0.000,0.000,0.000,inf,0.000000,0.000000,0.000000,0.000
107,ai,96.618,0.000000,-0.553,0.000861,0.000000,0.000000,0.000000,1.000,0.000,0.000,0.000,0.000,0.000000,0.000,0,0.000000,0.000000,0.000000,0.000000,0.000000,0,130.000,0.000,0.000,0.000,inf,0.000000,0.000000,0.000000,0.000
108,ai,96.584,0.000000,0.675,-0.001559,0.000000,0.000000,0.000000,1.000,0.000,0.000,0.000,0.000,0.000000,0.000,0,0.000000,0.000000,0.000000,0.000000,0.000000,0,130.000,0.000,0.000,0.000,inf,0.000000,0.000000,0.000000,0.000
109,ai,96.552,0.000000,2.077,-0.004346,0.000000,0.000000,0.000000,1.000,0.000,0.000,0.000,0.000,0.000000,0.000,0,0.000000,0.000000,0.000000,0.000000,0.000000,0,130.000,0.000,0.000,0.000,inf,0.000000,0.000000,0.000000,0.000
110,ai,96.652,0.000000,3.584,-0.007353,0.000000,0.000000,0.000000,1.000,0.000,0.000,0.000,0.000,0.000000,0.000,0,0.000000,0.000000,0.000000,0.000000,0.000000,0,130.000,0.000,0.000,0.000,inf,0.000000,0.000000,0.000000,0.000
111,ai,96.658,0.000000,5.209,-0.010518,0.000000,0.000000,0.000000,1.000,0.000,0.000,0.000,0.000,0.000000,0.000,0,0.000000,0.000000,0.000000,0.000000,0.000000,0,130.000,0.000,0.000,0.000,inf,0.000000,0.000000,0.000000,0.000
112,ai,96.585,0.000000,6.941,-0.013975,0.000000,0.000000,0.000000,1.000,0.000,0.000,0.000,0.000,0.000000,0.000,0,0.000000,0.000000,0.000000,0.000000,0.000000,0,130.000,0.000,0.000,0.000,inf,0.000000,0.000000,0.000000,0.000
113,ai,96.509,0.000000,8.735,-0.017462,0.000000,0.000000,0.000000,1.000,0.000,0.000,0.000,0.000,0.000000,0.000,0,0.000000,0.000000,0.000000,0.000000,0.000000,0,130.000,0.000,0.000,0.000,inf,0.000000,0.000000,0.000000,0.000
114,ai,96.543,0.000000,10.629,-0.021192,0.000000,0.000000,0.000000,1.000,0.000,0.000,0.000,0.000,0.000000,0.000,0,0.000000,0.000000,0.000000,0.000000,0.000000,0,130.000,0.000,0.000,0.000,inf,0.000000,0.000000,0.000000,0.000
115,ai,96.386,0.000000,12.651,-0.025268,0.000000,0.000000,0.000000,1.000,0.000,0.000,0.000,0.000,0.000000,0.000,0,0.000000,0.000000,0.000000,0.000000,0.000000,0,130.000,0.000,0.000,0.000,inf,0.000000,0.000000,0.000000,0.000
116,ai,96.362,0.000000,14.882,-0.029648,0.000000,0.000000,0.000000,1.000,0.000,0.000,0.000,0.000,0.000000,0.000,0,0.000000,0.000000,0.000000,0.000000,0.000000,0,130.000,0.000,0.000,0.000,inf,0.000000,0.000000,0.000000,0.000
117,ai,96.485,0.000000,17.201,-0.034210,0.000000,0.000000,0.000000,1.000,0.000,0.000,0.000,0.000,0.000000,0.000,0,0.000000,0.000000,0.000000,0.000000,0.000000,0,130.000,0.000,0.000,0.000,inf,0.000000,0.000000,0.000000,0.000
118,ai,96.665,0.000000,19.703,-0.039128,0.000000,0.000000,0.000000,1.000,0.000,0.000,0.000,0.000,0.000000,0.000,0,0.000000,0.000000,0.000000,0.000000,0.000000,0,130.000,0.000,0.000,0.000,inf,0.000000,0.000000,0.000000,0.000
119,ai,96.565,0.000000,22.171,-0.043973,0.000000,0.000000,0.000000,1.000,0.000,0.000,0.000,0.000,0.000000,0.000,0,0.000000,0.000000,0.000000,0.000000,0.000000,0,130.000,0.000,0.000,0.000,inf,0.000000,0.000000,0.000000,0.000
120,ai,96.626,0.000000,24.539,-0.048601,0.000000,0.000000,0.000000,1.000,0.000,0.000,0.000,0.000,0.000000,0.000,0,0.000000,0.000000,0.000000,0.000000,0.000000,0,130.000,0.000,0.000,0.000,inf,0.000000,0.000000,0.000000,0.000
121,ai,96.495,0.000000,26.895,-0.053222,0.000000,0.000000,0.000000,1.000,0.000,0.000,0.000,0.000,0.000000,0.000,0,0.000000,0.000000,0.000000,0.000000,0.000000,0,130.000,0.000,0.000,0.000,inf,0.000000,0.000000,0.000000,0.000
122,ai,96.368,0.000000,29.294,-0.057920,0.000000,0.000000,0.000000,1.000,0.000,0.000,0.000,0.000,0.000000,0.000,0,0.000000,0.000000,0.000000,0.000000,0.000000,0,130.000,0.000,0.000,0.000,inf,0.000000,0.000000,0.000000,0.000
123,ai,96.371,0.000000,31.764,-0.062695,0.000000,0.000000,0.000000,1.000,0.000,0.000,0.000,0.000,0.000000,0.000,0,0.000000,0.000000,0.000000,0.000000,0.000000,0,130.000,0.000,0.000,0.000,inf,0.000000,0.000000,0.000000,0.000
124,ai,96.207,0.000000,34.049,-0.067243,0.000000,0.000000,0.000000,1.000,0.000,0.000,0.000,0.000,0.000000,0.000,0,0.000000,0.000000,0.000000,0.000000,0.000000,0,130.000,0.000,0.000,0.000,inf,0.000000,0.000000,0.000000,0.000
125,ai,96.257,0.000000,36.509,-0.072012,0.000000,0.000000,0.000000,1.000,0.000,0.000,0.000,0.000,0.000000,0.000,0,0.000000,0.000000,0.000000,0.000000,0.000000,0,130.000,0.000,0.000,0.000,inf,0.000000,0.000000,0.000000,0.000
126,ai,96.386,0.000000,39.031,-0.077055,0.000000,0.000000,0.000000,1.000,0.000,0.000,0.000,0.000,0.000000,0.000,0,0.000000,0.000000,0.000000,0.000000,0.000000,0,130.000,0.000,0.000,0.000,inf,0.000000,0.000000,0.000000,0.000
127,ai,96.288,0.000000,42.084,-0.083078,0.000000,0.000000,0.000000,1.000,0.000,0.000,0.000,0.000,0.000000,0.000,0,0.000000,0.000000,0.000000,0.000000,0.000000,0,130.000,0.000,0.000,0.000,inf,0.000000,0.000000,0.000000,0.000
128,ai,96.169,0.000000,45.166,-0.089146,0.000000,0.000000,0.000000,1.000,0.000,0.000,0.000,0.000,0.000000,0.000,0,0.000000,0.000000,0.000000,0.000000,0.000000,0,130.000,0.000,0.000,0.000,inf,0.000000,0.000000,0.000000,0.000
129,ai,96.182,0.000000,48.468,-0.095660,0.000000,0.000000,0.000000,1.000,0.000,0.000,0.000,0.000,0.000000,0.000,0,0.000000,0.000000,0.000000,0.000000,0.000000,0,130.000,0.000,0.000,0.000,inf,0.000000,0.000000,0.000000,0.000
130,ai,96.611,0.000000,51.967,-0.102568,0.000000,0.000000,0.000000,1.000,0.000,0.000,0.000,0.000,0.000000,0.000,0,0.000000,0.000000,0.000000,0.000000,0.000000,0,130.000,0.000,0.000,0.000,inf,0.000000,0.000000,0.000000,0.000
131,ai,96.327,0.000000,55.223,-0.108823,0.000000,0.000000,0.000000,1.000,0.000,0.000,0.000,0.000,0.000000,0.000,0,0.000000,0.000000,0.000000,0.000000,0.000000,0,130.000,0.000,0.000,0.000,inf,0.000000,0.000000,0.000000,0.000
132,ai,96.851,0.000000,58.246,-0.114732,0.000000,0.000000,0.000000,1.000,0.000,0.000,0.000,0.000,0.000000,0.000,0,0.000000,0.000000,0.000000,0.000000,0.000000,0,130.000,0.000,0.000,0.000,inf,0.000000,0.000000,0.000000,0.000
133,ai,96.630,0.000000,60.877,-0.119858,0.000000,0.000000,0.000000,1.000,0.000,0.000,0.000,0.000,0.000000,0.000,0,0.000000,0.000000,0.000000,0.000000,0.000000,0,130.000,0.000,0.000,0.000,inf,0.000000,0.000000,0.000000,0.000
134,ai,96.364,0.000000,63.881,-0.125790,0.000000,0.000000,0.000000,1.000,0.000,0.000,0.000,0.000,0.000000,0.000,0,0.000000,0.000000,0.000000,0.000000,0.000000,0,130.000,0.000,0.000,0.000,inf,0.000000,0.000000,0.000000,0.000
135,ai,95.904,0.000000,66.665,-0.131240,0.000000,0.000000,0.000000,1.000,0.000,0.000,0.000,0.000,0.000000,0.000,0,0.000000,0.000000,0.000000,0.000000,0.000000,0,130.000,0.000,0.000,0.000,inf,0.000000,0.000000,0.000000,0.000
136,ai,95.492,0.000000,70.109,-0.138113,0.000000,0.000000,0.000000,1.000,0.000,0.000,0.000,0.000,0.000000,0.000,0,0.000000,0.000000,0.000000,0.000000,0.000000,0,130.000,0.000,0.000,0.000,inf,0.000000,0.000000,0.000000,0.000
137,ai,95.272,0.000000,73.819,-0.145476,0.000000,0.000000,0.000000,1.000,0.000,0.000,0.000,0.000,0.000000,0.000,0,0.000000,0.000000,0.000000,0.000000,0.000000,0,130.000,0.000,0.000,0.000,inf,0.000000,0.000000,0.000000,0.000
138,ai,95.139,0.000000,77.989,-0.153642,0.000000,0.000000,0.000000,1.000,0.000,0.000,0.000,0.000,0.000000,0.000,0,0.000000,0.000000,0.000000,0.000000,0.000000,0,130.000,0.000,0.000,0.000,inf,0.000000,0.000000,0.000000,0.000
139,ai,94.966,0.000000,81.507,-0.160449,0.000000,0.000000,0.000000,1.000,0.000,0.000,0.000,0.000,0.000000,0.000,0,0.000000,0.000000,0.000000,0.000000,0.000000,0,130.000,0.000,0.000,0.000,inf,0.000000,0.000000,0.000000,0.000
140,ai,94.868,0.000000,84.854,-0.166980,0.000000,0.000000,0.000000,1.000,0.000,0.000,0.000,0.000,0.000000,0.000,0,0.000000,0.000000,0.000000,0.000000,0.000000,0,130.000,0.000,0.000,0.000,inf,0.000000,0.000000,0.000000,0.000
141,ai,94.512,0.000000,87.764,-0.172659,0.000000,0.000000,0.000000,1.000,0.000,0.000,0.000,0.000,0.000000,0.000,0,0.000000,0.000000,0.000000,0.000000,0.000000,0,130.000,0.000,0.000,0.000,inf,0.000000,0.000000,0.000000,0.000
142,ai,94.373,0.000000,90.784,-0.178558,0.000000,0.000000,0.000000,1.000,0.000,0.000,0.000,0.000,0.000000,0.000,0,0.000000,0.000000,0.000000,0.000000,0.000000,0,130.000,0.000,0.000,0.000,inf,0.000000,0.000000,0.000000,0.000
143,ai,94.214,0.000000,93.402,-0.183595,0.000000,0.000000,0.000000,1.000,0.000,0.000,0.000,0.000,0.000000,0.000,0,0.000000,0.000000,0.000000,0.000000,0.000000,0,130.000,0.000,0.000,0.000,inf,0.000000,0.000000,0.000000,0.000
144,ai,93.800,0.000000,96.266,-0.189294,0.000000,0.000000,0.000000,1.000,0.000,0.000,0.000,0.000,0.000000,0.000,0,0.000000,0.000000,0.000000,0.000000,0.000000,0,130.000,0.000,0.000,0.000,inf,0.000000,0.000000,0.000000,0.000
145,ai,93.431,0.000000,99.407,-0.195589,0.000000,0.000000,0.000000,1.000,0.000,0.000,0.000,0.000,0.000000,0.000,0,0.000000,0.000000,0.000000,0.000000,0.000000,0,130.000,0.000,0.000,0.000,inf,0.000000,0.000000,0.000000,0.000
146,ai,93.133,0.000000,102.658,-0.202351,0.000000,0.000000,0.000000,1.000,0.000,0.000,0.000,0.000,0.000000,0.000,0,0.000000,0.000000,0.000000,0.000000,0.000000,0,130.000,0.000,0.000,0.000,inf,0.000000,0.000000,0.000000,0.000
147,ai,92.989,0.000000,105.846,-0.208117,0.000000,0.000000,0.000000,1.000,0.000,0.000,0.000,0.000,0.000000,0.000,0,0.000000,0.000000,0.000000,0.000000,0.000000,0,130.000,0.000,0.000,0.000,inf,0.000000,0.000000,0.000000,0.000
148,ai,92.703,0.000000,108.262,-0.212750,0.000000,0.000000,0.000000,1.000,0.000,0.000,0.000,0.000,0.000000,0.000,0,0.000000,0.000000,0.000000,0.000000,0.000000,0,130.000,0.000,0.000,0.000,inf,0.000000,0.000000,0.000000,0.000
149,ai,92.203,0.000000,110.591,-0.217274,0.000000,0.000000,0.000000,1.000,0.000,0.000,0.000,0.000,0.000000,0.000,0,0.000000,0.000000,0.000000,0.000000,0.000000,0,130.000,0.000,0.000,0.000,inf,0.000000,0.000000,0.000000,0.000
150,ai,92.099,0.000000,112.697,-0.221421,0.000000,0.000000,0.000000,1.000,0.000,0.000,0.000,0.000,0.000000,0.000,0,0.000000,0.000000,0.000000,0.000000,0.000000,0,130.000,0.000,0.000,0.000,inf,0.000000,0.000000,0.000000,0.000
151,ai,91.617,0.000000,115.068,-0.226120,0.000000,0.000000,0.000000,1.000,0.000,0.000,0.000,0.000,0.000000,0.000,0,0.000000,0.000000,0.000000,0.000000,0.000000,0,130.000,0.000,0.000,0.000,inf,0.000000,0.000000,0.000000,0.000
152,ai,91.188,0.000000,117.862,-0.231780,0.000000,0.000000,0.000000,1.000,0.000,0.000,0.000,0.000,0.000000,0.000,0,0.000000,0.000000,0.000000,0.000000,0.000000,0,130.000,0.000,0.000,0.000,inf,0.000000,0.000000,0.000000,0.000
153,ai,90.879,0.000000,121.534,-0.239079,0.000000,0.000000,0.000000,1.000,0.000,0.000,0.000,0.000,0.000000,0.000,0,0.000000,0.000000,0.000000,0.000000,0.000000,0,130.000,0.000,0.000,0.000,inf,0.000000,0.000000,0.000000,0.000
154,ai,90.360,0.000000,125.737,-0.247402,0.000000,0.000000,0.000000,1.000,0.000,0.000,0.000,0.000,0.000000,0.000,0,0.000000,0.000000,0.000000,0.000000,0.000000,0,130.000,0.000,0.000,0.000,inf,0.000000,0.000000,0.000000,0.000
155,ai,89.923,0.000000,130.376,-0.256524,0.000000,0.000000,0.000000,1.000,0.000,0.000,0.000,0.000,0.000000,0.000,0,0.000000,0.000000,0.000000,0.000000,0.000000,0,130.000,0.000,0.000,0.000,inf,0.000000,0.000000,0.000000,0.000
156,ai,89.533,0.000000,135.044,-0.265633,0.000000,0.000000,0.000000,1.000,0.000,0.000,0.000,0.000,0.000000,0.000,0,0.000000,0.000000,0.000000,0.000000,0.000000,0,130.000,0.000,0.000,0.000,inf,0.000000,0.000000,0.000000,0.000
157,ai,89.295,0.000000,139.139,-0.273497,0.000000,0.000000,0.000000,1.000,0.000,0.000,0.000,0.000,0.000000,0.000,0,0.000000,0.000000,0.000000,0.000000,0.000000,0,130.000,0.000,0.000,0.000,inf,0.000000,0.000000,0.000000,0.000
158,ai,89.030,0.000000,142.003,-0.278900,0.000000,0.000000,0.000000,1.000,0.000,0.000,0.000,0.000,0.000000,0.000,0,0.000000,0.000000,0.000000,0.000000,0.000000,0,130.000,0.000,0.000,0.000,inf,0.000000,0.000000,0.000000,0.000
159,ai,88.768,0.000000,143.965,-0.282604,0.000000,0.000000,0.000000,1.000,0.000,0.000,0.000,0.000,0.000000,0.000,0,0.000000,0.000000,0.000000,0.000000,0.000000,0,130.000,0.000,0.000,0.000,inf,0.000000,0.000000,0.000000,0.000
160,ai,88.344,0.000000,145.420,-0.285495,0.000000,0.000000,0.000000,1.000,0.000,0.000,0.000,0.000,0.000000,0.000,0,0.000000,0.000000,0.000000,0.000000,0.000000,0,130.000,0.000,0.000,0.000,inf,0.000000,0.000000,0.000000,0.000
161,ai,87.933,0.000000,147.676,-0.290113,0.000000,0.000000,0.000000,1.000,0.000,0.000,0.000,0.000,0.000000,0.000,0,0.000000,0.000000,0.000000,0.000000,0.000000,0,130.000,0.000,0.000,0.000,inf,0.000000,0.000000,0.000000,0.000
162,ai,87.493,0.000000,150.575,-0.295945,0.000000,0.000000,0.000000,1.000,0.000,0.000,0.000,0.000,0.000000,0.000,0,0.000000,0.000000,0.000000,0.000000,0.000000,0,130.000,0.000,0.000,0.000,inf,0.000000,0.000000,0.000000,0.000
163,ai,86.876,0.000000,154.429,-0.303518,0.000000,0.000000,0.000000,1.000,0.000,0.000,0.000,0.000,0.000000,0.000,0,0.000000,0.000000,0.000000,0.000000,0.000000,0,130.000,0.000,0.000,0.000,inf,0.000000,0.000000,0.000000,0.000
164,ai,86.685,0.000000,157.489,-0.309400,0.000000,0.000000,0.000000,1.000,0.000,0.000,0.000,0.000,0.000000,0.000,0,0.000000,0.000000,0.000000,0.000000,0.000000,0,130.000,0.000,0.000,0.000,inf,0.000000,0.000000,0.000000,0.000
165,ai,86.384,0.000000,159.884,-0.313858,0.000000,0.000000,0.000000,1.000,0.000,0.000,0.000,0.000,0.000000,0.000,0,0.000000,0.000000,0.000000,0.000000,0.000000,0,130.000,0.000,0.000,0.000,inf,0.000000,0.000000,0.000000,0.000
166,ai,85.856,0.000000,161.659,-0.317283,0.000000,0.000000,0.000000,1.000,0.000,0.000,0.000,0.000,0.000000,0.000,0,0.000000,0.000000,0.000000,0.000000,0.000000,0,130.000,0.000,0.000,0.000,inf,0.000000,0.000000,0.000000,0.000
167,ai,85.428,0.000000,163.206,-0.320389,0.000000,0.000000,0.000000,1.000,0.000,0.000,0.000,0.000,0.000000,0.000,0,0.000000,0.000000,0.000000,0.000000,0.000000,0,130.000,0.000,0.000,0.000,inf,0.000000,0.000000,0.000000,0.000
168,ai,84.997,0.000000,165.505,-0.325055,0.000000,0.000000,0.000000,1.000,0.000,0.000,0.000,0.000,0.000000,0.000,0,0.000000,0.000000,0.000000,0.000000,0.000000,0,130.000,0.000,0.000,0.000,inf,0.000000,0.000000,0.000000,0.000
169,ai,84.606,0.000000,168.027,-0.330027,0.000000,0.000000,0.000000,1.000,0.000,0.000,0.000,0.000,0.000000,0.000,0,0.000000,0.000000,0.000000,0.000000,0.000000,0,130.000,0.000,0.000,0.000,inf,0.000000,0.000000,0.000000,0.000
170,ai,84.163,0.000000,170.869,-0.335587,0.000000,0.000000,0.000000,1.000,0.000,0.000,0.000,0.000,0.000000,0.000,0,0.000000,0.000000,0.000000,0.000000,0.000000,0,130.000,0.000,0.000,0.000,inf,0.000000,0.000000,0.000000,0.000
171,ai,83.985,0.000000,173.536,-0.340330,0.000000,0.000000,0.000000,1.000,0.000,0.000,0.000,0.000,0.000000,0.000,0,0.000000,0.000000,0.000000,0.000000,0.000000,0,130.000,0.000,0.000,0.000,inf,0.000000,0.000000,0.000000,0.000
172,ai,83.508,0.000000,176.221,-0.346107,0.000000,0.000000,0.000000,1.000,0.000,0.000,0.000,0.000,0.000000,0.000,0,0.000000,0.000000,0.000000,0.000000,0.000000,0,130.000,0.000,0.000,0.000,inf,0.000000,0.000000,0.000000,0.000
173,ai,83.159,0.000000,179.165,-0.351811,0.000000,0.000000,0.000000,1.000,0.000,0.000,0.000,0.000,0.000000,0.000,0,0.000000,0.000000,0.000000,0.000000,0.000000,0,130.000,0.000,0.000,0.000,inf,0.000000,0.000000,0.000000,0.000
174,ai,82.970,0.000000,181.486,-0.356243,0.000000,0.000000,0.000000,1.000,0.000,0.000,0.000,0.000,0.000000,0.000,0,0.000000,0.000000,0.000000,0.000000,0.000000,0,130.000,0.000,0.000,0.000,inf,0.000000,0.000000,0.000000,0.000
175,ai,82.771,0.000000,183.254,-0.359664,0.000000,0.000000,0.000000,1.000,0.000,0.000,0.000,0.000,0.000000,0.000,0,0.000000,0.000000,0.000000,0.000000,0.000000,0,130.000,0.000,0.000,0.000,inf,0.000000,0.000000,0.000000,0.000
176,ai,82.549,0.000000,184.669,-0.362388,0.000000,0.000000,0.000000,1.000,0.000,0.000,0.000,0.000,0.000000,0.000,0,0.000000,0.000000,0.000000,0.000000,0.000000,0,130.000,0.000,0.000,0.000,inf,0.000000,0.000000,0.000000,0.000
177,ai,82.424,0.000000,186.084,-0.365168,0.000000,0.000000,0.000000,1.000,0.000,0.000,0.000,0.000,0.000000,0.000,0,0.000000,0.000000,0.000000,0.000000,0.000000,0,130.000,0.000,0.000,0.000,inf,0.000000,0.000000,0.000000,0.000
178,ai,82.243,0.000000,187.569,-0.368046,0.000000,0.000000,0.000000,1.000,0.000,0.000,0.000,0.000,0.000000,0.000,0,0.000000,0.000000,0.000000,0.000000,0.000000,0,130.000,0.000,0.000,0.000,inf,0.000000,0.000000,0.000000,0.000
179,ai,82.081,0.000000,188.596,-0.370029,0.000000,0.000000,0.000000,1.000,0.000,0.000,0.000,0.000,0.000000,0.000,0,0.000000,0.000000,0.000000,0.000000,0.000000,0,130.000,0.000,0.000,0.000,inf,0.000000,0.000000,0.000000,0.000
180,ai,81.545,0.000000,189.717,-0.372191,0.000000,0.000000,0.000000,1.000,0.000,0.000,0.000,0.000,0.000000,0.000,0,0.000000,0.000000,0.000000,0.000000,0.000000,0,130.000,0.000,0.000,0.000,inf,0.000000,0.000000,0.000000,0.000
181,ai,81.465,0.000000,190.443,-0.373202,0.000000,0.000000,0.000000,1.000,0.000,0.000,0.000,0.000,0.000000,0.000,0,0.000000,0.000000,0.000000,0.000000,0.000000,0,130.000,0.000,0.000,0.000,inf,0.000000,0.000000,0.000000,0.000
182,ai,81.431,0.000000,190.446,-0.373390,0.000000,0.000000,0.000000,1.000,0.000,0.000,0.000,0.000,0.000000,0.000,0,0.000000,0.000000,0.000000,0.000000,0.000000,0,130.000,0.000,0.000,0.000,inf,0.000000,0.000000,0.000000,0.000
183,ai,81.175,0.000000,189.782,-0.371940,0.000000,0.000000,0.000000,1.000,0.000,0.000,0.000,0.000,0.000000,0.000,0,0.000000,0.000000,0.000000,0.000000,0.000000,0,130.000,0.000,0.000,0.000,inf,0.000000,0.000000,0.000000,0.000
184,ai,80.882,0.000000,188.713,-0.369835,0.000000,0.000000,0.000000,1.000,0.000,0.000,0.000,0.000,0.000000,0.000,0,0.000000,0.000000,0.000000,0.000000,0.000000,0,130.000,0.000,0.000,0.000,inf,0.000000,0.000000,0.000000,0.000
185,ai,80.594,0.000000,187.658,-0.367783,0.000000,0.000000,0.000000,1.000,0.000,0.000,0.000,0.000,0.000000,0.000,0,0.000000,0.000000,0.000000,0.000000,0.000000,0,130.000,0.000,0.000,0.000,inf,0.000000,0.000000,0.000000,0.000
186,ai,80.392,0.000000,186.960,-0.366475,0.000000,0.000000,0.000000,1.000,0.000,0.000,0.000,0.000,0.000000,0.000,0,0.000000,0.000000,0.000000,0.000000,0.000000,0,130.000,0.000,0.000,0.000,inf,0.000000,0.000000,0.000000,0.000
187,ai,80.224,0.000000,186.299,-0.365160,0.000000,0.000000,0.000000,1.000,0.000,0.000,0.000,0.000,0.000000,0.000,0,0.000000,0.000000,0.000000,0.000000,0.000000,0,130.000,0.000,0.000,0.000,inf,0.000000,0.000000,0.000000,0.000
188,ai,79.982,0.000000,185.723,-0.364045,0.000000,0.000000,0.000000,1.000,0.000,0.000,0.000,0.000,0.000000,0.000,0,0.000000,0.000000,0.000000,0.000000,0.000000,0,130.000,0.000,0.000,0.000,inf,0.000000,0.000000,0.000000,0.000
189,ai,80.086,0.000000,185.093,-0.362814,0.000000,0.000000,0.000000,1.000,0.000,0.000,0.000,0.000,0.000000,0.000,0,0.000000,0.000000,0.000000,0.000000,0.000000,0,130.000,0.000,0.000,0.000,inf,0.000000,0.000000,0.000000,0.000
190,ai,79.835,0.000000,184.530,-0.361719,0.000000,0.000000,0.000000,1.000,0.000,0.000,0.000,0.000,0.000000,0.000,0,0.000000,0.000000,0.000000,0.000000,0.000000,0,130.000,0.000,0.000,0.000,inf,0.000000,0.000000,0.000000,0.000
191,ai,79.645,0.000000,183.869,-0.360342,0.000000,0.000000,0.000000,1.000,0.000,0.000,0.000,0.000,0.000000,0.000,0,0.000000,0.000000,0.000000,0.000000,0.000000,0,130.000,0.000,0.000,0.000,inf,0.000000,0.000000,0.000000,0.000
192,ai,79.677,0.000000,182.902,-0.358466,0.000000,0.000000,0.000000,1.000,0.000,0.000,0.000,0.000,0.000000,0.000,0,0.000000,0.000000,0.000000,0.000000,0.000000,0,130.000,0.000,0.000,0.000,inf,0.000000,0.000000,0.000000,0.000
193,ai,79.151,0.000000,181.663,-0.355832,0.000000,0.000000,0.000000,1.000,0.000,0.000,0.000,0.000,0.000000,0.000,0,0.000000,0.000000,0.000000,0.000000,0.000000,0,130.000,0.000,0.000,0.000,inf,0.000000,0.000000,0.000000,0.000
194,ai,79.194,0.000000,179.531,-0.351539,0.000000,0.000000,0.000000,1.000,0.000,0.000,0.000,0.000,0.000000,0.000,0,0.000000,0.000000,0.000000,0.000000,0.000000,0,130.000,0.000,0.000,0.000,inf,0.000000,0.000000,0.000000,0.000
195,ai,79.493,0.000000,176.572,-0.345552,0.000000,0.000000,0.000000,1.000,0.000,0.000,0.000,0.000,0.000000,0.000,0,0.000000,0.000000,0.000000,0.000000,0.000000,0,130.000,0.000,0.000,0.000,inf,0.000000,0.000000,0.000000,0.000
196,ai,79.167,0.000000,172.740,-0.337932,0.000000,0.000000,0.000000,1.000,0.000,0.000,0.000,0.000,0.000000,0.000,0,0.000000,0.000000,0.000000,0.000000,0.000000,0,130.000,0.000,0.000,0.000,inf,0.000000,0.000000,0.000000,0.000
197,ai,79.188,0.000000,168.686,-0.329890,0.000000,0.000000,0.000000,1.000,0.000,0.000,0.000,0.000,0.000000,0.000,0,0.000000,0.000000,0.000000,0.000000,0.000000,0,130.000,0.000,0.000,0.000,inf,0.000000,0.000000,0.000000,0.000
198,ai,79.187,0.000000,164.509,-0.321695,0.000000,0.000000,0.000000,1.000,0.000,0.000,0.000,0.000,0.000000,0.000,0,0.000000,0.000000,0.000000,0.000000,0.000000,0,130.000,0.000,0.000,0.000,inf,0.000000,0.000000,0.000000,0.000
199,ai,79.177,0.000000,160.414,-0.313787,0.000000,0.000000,0.000000,1.000,0.000,0.000,0.000,0.000,0.000000,0.000,0,0.000000,0.000000,0.000000,0.000000,0.000000,0,130.000,0.000,0.000,0.000,inf,0.000000,0.000000,0.000000,0.000
200,ai,78.756,0.000000,156.348,-0.305856,0.000000,0.000000,0.000000,1.000,0.000,0.000,0.000,0.000,0.000000,0.000,0,0.000000,0.000000,0.000000,0.000000,0.000000,0,130.000,0.000,0.000,0.000,inf,0.000000,0.000000,0.000000,0.000
201,ai,78.934,0.000000,153.099,-0.299655,0.000000,0.000000,0.000000,1.000,0.000,0.000,0.000,0.000,0.000000,0.000,0,0.000000,0.000000,0.000000,0.000000,0.000000,0,130.000,0.000,0.000,0.000,inf,0.000000,0.000000,0.000000,0.000
202,ai,79.399,0.000000,150.126,-0.293819,0.000000,0.000000,0.000000,1.000,0.000,0.000,0.000,0.000,0.000000,0.000,0,0.000000,0.000000,0.000000,0.000000,0.000000,0,130.000,0.000,0.000,0.000,inf,0.000000,0.000000,0.000000,0.000
203,ai,79.911,0.000000,147.248,-0.288145,0.000000,0.000000,0.000000,1.000,0.000,0.000,0.000,0.000,0.000000,0.000,0,0.000000,0.000000,0.000000,0.000000,0.000000,0,130.000,0.000,0.000,0.000,inf,0.000000,0.000000,0.000000,0.000
204,ai,80.658,0.000000,144.296,-0.282315,0.000000,0.000000,0.000000,1.000,0.000,0.000,0.000,0.000,0.000000,0.000,0,0.000000,0.000000,0.000000,0.000000,0.000000,0,130.000,0.000,0.000,0.000,inf,0.000000,0.000000,0.000000,0.000
205,ai,80.568,0.000000,140.883,-0.275574,0.000000,0.000000,0.000000,1.000,0.000,0.000,0.000,0.000,0.000000,0.000,0,0.000000,0.000000,0.000000,0.000000,0.000000,0,130.000,0.000,0.000,0.000,inf,0.000000,0.000000,0.000000,0.000
206,ai,80.840,0.000000,137.389,-0.268744,0.000000,0.000000,0.000000,1.000,0.000,0.000,0.000,0.000,0.000000,0.000,0,0.000000,0.000000,0.000000,0.000000,0.000000,0,130.000,0.000,0.000,0.000,inf,0.000000,0.000000,0.000000,0.000
207,ai,81.327,0.000000,133.925,-0.261917,0.000000,0.000000,0.000000,1.000,0.000,0.000,0.000,0.000,0.000000,0.000,0,0.000000,0.000000,0.000000,0.000000,0.000000,0,130.000,0.000,0.000,0.000,inf,0.000000,0.000000,0.000000,0.000
208,ai,81.426,0.000000,130.803,-0.255980,0.000000,0.000000,0.000000,1.000,0.000,0.000,0.000,0.000,0.000000,0.000,0,0.000000,0.000000,0.000000,0.000000,0.000000,0,130.000,0.000,0.000,0.000,inf,0.000000,0.000000,0.000000,0.000
209,ai,81.780,0.000000,127.713,-0.249818,0.000000,0.000000,0.000000,1.000,0.000,0.000,0.000,0.000,0.000000,0.000,0,0.000000,0.000000,0.000000,0.000000,0.000000,0,130.000,0.000,0.000,0.000,inf,0.000000,0.000000,0.000000,0.000
210,ai,81.980,0.000000,124.593,-0.243706,0.000000,0.000000,0.000000,1.000,0.000,0.000,0.000,0.000,0.000000,0.000,0,0.000000,0.000000,0.000000,0.000000,0.000000,0,130.000,0.000,0.000,0.000,inf,0.000000,0.000000,0.000000,0.000
211,ai,82.393,0.000000,121.126,-0.236831,0.000000,0.000000,0.000000,1.000,0.000,0.000,0.000,0.000,0.000000,0.000,0,0.000000,0.000000,0.000000,0.000000,0.000000,0,130.000,0.000,0.000,0.000,inf,0.000000,0.000000,0.000000,0.000
212,ai,82.660,0.000000,117.942,-0.230724,0.000000,0.000000,0.000000,1.000,0.000,0.000,0.000,0.000,0.000000,0.000,0,0.000000,0.000000,0.000000,0.000000,0.000000,0,130.000,0.000,0.000,0.000,inf,0.000000,0.000000,0.000000,0.000
213,ai,82.872,0.000000,115.259,-0.225436,0.000000,0.000000,0.000000,1.000,0.000,0.000,0.000,0.000,0.000000,0.000,0,0.000000,0.000000,0.000000,0.000000,0.000000,0,130.000,0.000,0.000,0.000,inf,0.000000,0.000000,0.000000,0.000
214,ai,83.047,0.000000,112.394,-0.219868,0.000000,0.000000,0.000000,1.000,0.000,0.000,0.000,0.000,0.000000,0.000,0,0.000000,0.000000,0.000000,0.000000,0.000000,0,130.000,0.000,0.000,0.000,inf,0.000000,0.000000,0.000000,0.000
215,ai,83.363,0.000000,109.274,-0.213586,0.000000,0.000000,0.000000,1.000,0.000,0.000,0.000,0.000,0.000000,0.000,0,0.000000,0.000000,0.000000,0.000000,0.000000,0,130.000,0.000,0.000,0.000,inf,0.000000,0.000000,0.000000,0.000
216,ai,83.800,0.000000,106.020,-0.207283,0.000000,0.000000,0.000000,1.000,0.000,0.000,0.000,0.000,0.000000,0.000,0,0.000000,0.000000,0.000000,0.000000,0.000000,0,130.000,0.000,0.000,0.000,inf,0.000000,0.000000,0.000000,0.000
217,ai,83.890,0.000000,102.782,-0.200885,0.000000,0.000000,0.000000,1.000,0.000,0.000,0.000,0.000,0.000000,0.000,0,0.000000,0.000000,0.000000,0.000000,0.000000,0,130.000,0.000,0.000,0.000,inf,0.000000,0.000000,0.000000,0.000
218,ai,84.249,0.000000,99.573,-0.194573,0.000000,0.000000,0.000000,1.000,0.000,0.000,0.000,0.000,0.000000,0.000,0,0.000000,0.000000,0.000000,0.000000,0.000000,0,130.000,0.000,0.000,0.000,inf,0.000000,0.000000,0.000000,0.000
219,ai,84.141,0.000000,96.300,-0.188239,0.000000,0.000000,0.000000,1.000,0.000,0.000,0.000,0.000,0.000000,0.000,0,0.000000,0.000000,0.000000,0.000000,0.000000,0,130.000,0.000,0.000,0.000,inf,0.000000,0.000000,0.000000,0.000
220,ai,84.330,0.000000,93.387,-0.182231,0.000000,0.000000,0.000000,1.000,0.000,0.000,0.000,0.000,0.000000,0.000,0,0.000000,0.000000,0.000000,0.000000,0.000000,0,130.000,0.000,0.000,0.000,inf,0.000000,0.000000,0.000000,0.000
221,ai,84.372,0.000000,90.261,-0.176382,0.000000,0.000000,0.000000,1.000,0.000,0.000,0.000,0.000,0.000000,0.000,0,0.000000,0.000000,0.000000,0.000000,0.000000,0,130.000,0.000,0.000,0.000,inf,0.000000,0.000000,0.000000,0.000
222,ai,84.852,0.000000,87.209,-0.170320,0.000000,0.000000,0.000000,1.000,0.000,0.000,0.000,0.000,0.000000,0.000,0,0.000000,0.000000,0.000000,0.000000,0.000000,0,130.000,0.000,0.000,0.000,inf,0.000000,0.000000,0.000000,0.000
223,ai,84.632,0.000000,83.771,-0.163609,0.000000,0.000000,0.000000,1.000,0.000,0.000,0.000,0.000,0.000000,0.000,0,0.000000,0.000000,0.000000,0.000000,0.000000,0,130.000,0.000,0.000,0.000,inf,0.000000,0.000000,0.000000,0.000
224,ai,84.903,0.000000,80.428,-0.157047,0.000000,0.000000,0.000000,1.000,0.000,0.000,0.000,0.000,0.000000,0.000,0,0.000000,0.000000,0.000000,0.000000,0.000000,0,130.000,0.000,0.000,0.000,inf,0.000000,0.000000,0.000000,0.000
225,ai,84.972,0.000000,76.753,-0.149736,0.000000,0.000000,0.000000,1.000,0.000,0.000,0.000,0.000,0.000000,0.000,0,0.000000,0.000000,0.000000,0.000000,0.000000,0,130.000,0.000,0.000,0.000,inf,0.000000,0.000000,0.000000,0.000
226,ai,85.310,0.000000,73.050,-0.142545,0.000000,0.000000,0.000000,1.000,0.000,0.000,0.000,0.000,0.000000,0.000,0,0.000000,0.000000,0.000000,0.000000,0.000000,0,130.000,0.000,0.000,0.000,inf,0.000000,0.000000,0.000000,0.000
227,ai,85.023,0.000000,69.674,-0.136037,0.000000,0.000000,0.000000,1.000,0.000,0.000,0.000,0.000,0.000000,0.000,0,0.000000,0.000000,0.000000,0.000000,0.000000,0,130.000,0.000,0.000,0.000,inf,0.000000,0.000000,0.000000,0.000
228,ai,85.222,0.000000,66.903,-0.130712,0.000000,0.000000,0.000000,1.000,0.000,0.000,0.000,0.000,0.000000,0.000,0,0.000000,0.000000,0.000000,0.000000,0.000000,0,130.000,0.000,0.000,0.000,inf,0.000000,0.000000,0.000000,0.000
229,ai,85.298,0.000000,64.775,-0.126642,0.000000,0.000000,0.000000,1.000,0.000,0.000,0.000,0.000,0.000000,0.000,0,0.000000,0.000000,0.000000,0.000000,0.000000,0,130.000,0.000,0.000,0.000,inf,0.000000,0.000000,0.000000,0.000
230,ai,85.376,0.000000,62.940,-0.123076,0.000000,0.000000,0.000000,1.000,0.000,0.000,0.000,0.000,0.000000,0.000,0,0.000000,0.000000,0.000000,0.000000,0.000000,0,130.000,0.000,0.000,0.000,inf,0.000000,0.000000,0.000000,0.000
231,ai,85.157,0.000000,61.479,-0.120264,0.000000,0.000000,0.000000,1.000,0.000,0.000,0.000,0.000,0.000000,0.000,0,0.000000,0.000000,0.000000,0.000000,0.000000,0,130.000,0.000,0.000,0.000,inf,0.000000,0.000000,0.000000,0.000
232,ai,85.188,0.000000,60.109,-0.117560,0.000000,0.000000,0.000000,1.000,0.000,0.000,0.000,0.000,0.000000,0.000,0,0.000000,0.000000,0.000000,0.000000,0.000000,0,130.000,0.000,0.000,0.000,inf,0.000000,0.000000,0.000000,0.000
233,ai,85.114,0.000000,58.788,-0.115070,0.000000,0.000000,0.000000,1.000,0.000,0.000,0.000,0.000,0.000000,0.000,0,0.000000,0.000000,0.000000,0.000000,0.000000,0,130.000,0.000,0.000,0.000,inf,0.000000,0.000000,0.000000,0.000
234,ai,85.494,0.000000,57.632,-0.112754,0.000000,0.000000,0.000000,1.000,0.000,0.000,0.000,0.000,0.000000,0.000,0,0.000000,0.000000,0.000000,0.000000,0.000000,0,130.000,0.000,0.000,0.000,inf,0.000000,0.000000,0.000000,0.000
235,ai,85.384,0.000000,56.465,-0.110528,0.000000,0.000000,0.000000,1.000,0.000,0.000,0.000,0.000,0.000000,0.000,0,0.000000,0.000000,0.000000,0.000000,0.000000,0,130.000,0.000,0.000,0.000,inf,0.000000,0.000000,0.000000,0.000
236,ai,85.405,0.000000,55.310,-0.108250,0.000000,0.000000,0.000000,1.000,0.000,0.000,0.000,0.000,0.000000,0.000,0,0.000000,0.000000,0.000000,0.000000,0.000000,0,130.000,0.000,0.000,0.000,inf,0.000000,0.000000,0.000000,0.000
237,ai,85.383,0.000000,54.317,-0.106354,0.000000,0.000000,0.000000,1.000,0.000,0.000,0.000,0.000,0.000000,0.000,0,0.000000,0.000000,0.000000,0.000000,0.000000,0,130.000,0.000,0.000,0.000,inf,0.000000,0.000000,0.000000,0.000
238,ai,85.563,0.000000,53.429,-0.104568,0.000000,0.000000,0.000000,1.000,0.000,0.000,0.000,0.000,0.000000,0.000,0,0.000000,0.000000,0.000000,0.000000,0.000000,0,130.000,0.000,0.000,0.000,inf,0.000000,0.000000,0.000000,0.000
239,ai,85.500,0.000000,52.469,-0.102672,0.000000,0.000000,0.000000,1.000,0.000,0.000,0.000,0.000,0.000000,0.000,0,0.000000,0.000000,0.000000,0.000000,0.000000,0,130.000,0.000,0.000,0.000,inf,0.000000,0.000000,0.000000,0.000
240,ai,85.751,0.000000,51.408,-0.100631,0.000000,0.000000,0.000000,1.000,0.000,0.000,0.000,0.000,0.000000,0.000,0,0.000000,0.000000,0.000000,0.000000,0.000000,0,130.000,0.000,0.000,0.000,inf,0.000000,0.000000,0.000000,0.000
241,ai,85.516,0.000000,50.302,-0.098411,0.000000,0.000000,0.000000,1.000,0.000,0.000,0.000,0.000,0.000000,0.000,0,0.000000,0.000000,0.000000,0.000000,0.000000,0,130.000,0.000,0.000,0.000,inf,0.000000,0.000000,0.000000,0.000
242,ai,85.659,0.000000,49.131,-0.096094,0.000000,0.000000,0.000000,1.000,0.000,0.000,0.000,0.000,0.000000,0.000,0,0.000000,0.000000,0.000000,0.000000,0.000000,0,130.000,0.000,0.000,0.000,inf,0.000000,0.000000,0.000000,0.000
243,ai,85.469,0.000000,47.849,-0.093614,0.000000,0.000000,0.000000,1.000,0.000,0.000,0.000,0.000,0.000000,0.000,0,0.000000,0.000000,0.000000,0.000000,0.000000,0,130.000,0.000,0.000,0.000,inf,0.000000,0.000000,0.000000,0.000
244,ai,85.561,0.000000,46.481,-0.090836,0.000000,0.000000,0.000000,1.000,0.000,0.000,0.000,0.000,0.000000,0.000,0,0.000000,0.000000,0.000000,0.000000,0.000000,0,130.000,0.000,0.000,0.000,inf,0.000000,0.000000,0.000000,0.000
245,ai,85.533,0.000000,44.852,-0.087653,0.000000,0.000000,0.000000,1.000,0.000,0.000,0.000,0.000,0.000000,0.000,0,0.000000,0.000000,0.000000,0.000000,0.000000,0,130.000,0.000,0.000,0.000,inf,0.000000,0.000000,0.000000,0.000
246,ai,85.616,0.000000,43.192,-0.084353,0.000000,0.000000,0.000000,1.000,0.000,0.000,0.000,0.000,0.000000,0.000,0,0.000000,0.000000,0.000000,0.000000,0.000000,0,130.000,0.000,0.000,0.000,inf,0.000000,0.000000,0.000000,0.000
247,ai,85.600,0.000000,41.283,-0.080558,0.000000,0.000000,0.000000,1.000,0.000,0.000,0.000,0.000,0.000000,0.000,0,0.000000,0.000000,0.000000,0.000000,0.000000,0,130.000,0.000,0.000,0.000,inf,0.000000,0.000000,0.000000,0.000
248,ai,85.480,0.000000,39.421,-0.076886,0.000000,0.000000,0.000000,1.000,0.000,0.000,0.000,0.000,0.000000,0.000,0,0.000000,0.000000,0.000000,0.000000,0.000000,0,130.000,0.000,0.000,0.000,inf,0.000000,0.000000,0.000000,0.000
249,ai,85.541,0.000000,37.438,-0.073018,0.000000,0.000000,0.000000,1.000,0.000,0.000,0.000,0.000,0.000000,0.000,0,0.000000,0.000000,0.000000,0.000000,0.000000,0,130.000,0.000,0.000,0.000,inf,0.000000,0.000000,0.000000,0.000
250,ai,85.594,0.000000,35.441,-0.069126,0.000000,0.000000,0.000000,1.000,0.000,0.000,0.000,0.000,0.000000,0.000,0,0.000000,0.000000,0.000000,0.000000,0.000000,0,130.000,0.000,0.000,0.000,inf,0.000000,0.000000,0.000000,0.000
251,ai,85.575,0.000000,33.390,-0.065086,0.000000,0.000000,0.000000,1.000,0.000,0.000,0.000,0.000,0.000000,0.000,0,0.000000,0.000000,0.000000,0.000000,0.000000,0,130.000,0.000,0.000,0.000,inf,0.000000,0.000000,0.000000,0.000
252,ai,85.701,0.000000,31.159,-0.060690,0.000000,0.000000,0.000000,1.000,0.000,0.000,0.000,0.000,0.000000,0.000,0,0.000000,0.000000,0.000000,0.000000,0.000000,0,130.000,0.000,0.000,0.000,inf,0.000000,0.000000,0.000000,0.000
253,ai,85.783,0.000000,28.548,-0.055378,0.000000,0.000000,0.000000,1.000,0.000,0.000,0.000,0.000,0.000000,0.000,0,0.000000,0.000000,0.000000,0.000000,0.000000,0,130.000,0.000,0.000,0.000,inf,0.000000,0.000000,0.000000,0.000
254,ai,85.705,0.000000,25.792,-0.050022,0.000000,0.000000,0.000000,1.000,0.000,0.000,0.000,0.000,0.000000,0.000,0,0.000000,0.000000,0.000000,0.000000,0.000000,0,130.000,0.000,0.000,0.000,inf,0.000000,0.000000,0.000000,0.000
255,ai,85.581,0.000000,23.060,-0.044695,0.000000,0.000000,0.000000,1.000,0.000,0.000,0.000,0.000,0.000000,0.000,0,0.000000,0.000000,0.000000,0.000000,0.000000,0,130.000,0.000,0.000,0.000,inf,0.000000,0.000000,0.000000,0.000
256,ai,85.612,0.000000,20.524,-0.039725,0.000000,0.000000,0.000000,1.000,0.000,0.000,0.000,0.000,0.000000,0.000,0,0.000000,0.000000,0.000000,0.000000,0.000000,0,130.000,0.000,0.000,0.000,inf,0.000000,0.000000,0.000000,0.000
257,ai,85.630,0.000000,18.137,-0.035108,0.000000,0.000000,0.000000,1.000,0.000,0.000,0.000,0.000,0.000000,0.000,0,0.000000,0.000000,0.000000,0.000000,0.000000,0,130.000,0.000,0.000,0.000,inf,0.000000,0.000000,0.000000,0.000
258,ai,85.687,0.000000,16.068,-0.031128,0.000000,0.000000,0.000000,1.000,0.000,0.000,0.000,0.000,0.000000,0.000,0,0.000000,0.000000,0.000000,0.000000,0.000000,0,130.000,0.000,0.000,0.000,inf,0.000000,0.000000,0.000000,0.000
259,ai,85.566,0.000000,14.180,-0.027373,0.000000,0.000000,0.000000,1.000,0.000,0.000,0.000,0.000,0.000000,0.000,0,0.000000,0.000000,0.000000,0.000000,0.000000,0,130.000,0.000,0.000,0.000,inf,0.000000,0.000000,0.000000,0.000
260,ai,85.570,0.000000,12.184,-0.023505,0.000000,0.000000,0.000000,1.000,0.000,0.000,0.000,0.000,0.000000,0.000,0,0.000000,0.000000,0.000000,0.000000,0.000000,0,130.000,0.000,0.000,0.000,inf,0.000000,0.000000,0.000000,0.000
261,ai,85.650,0.000000,10.188,-0.019629,0.000000,0.000000,0.000000,1.000,0.000,0.000,0.000,0.000,0.000000,0.000,0,0.000000,0.000000,0.000000,0.000000,0.000000,0,130.000,0.000,0.000,0.000,inf,0.000000,0.000000,0.000000,0.000
262,ai,85.559,0.000000,8.542,-0.016435,0.000000,0.000000,0.000000,1.000,0.000,0.000,0.000,0.000,0.000000,0.000,0,0.000000,0.000000,0.000000,0.000000,0.000000,0,130.000,0.000,0.000,0.000,inf,0.000000,0.000000,0.000000,0.000
263,ai,85.518,0.000000,7.114,-0.013709,0.000000,0.000000,0.000000,1.000,0.000,0.000,0.000,0.000,0.000000,0.000,0,0.000000,0.000000,0.000000,0.000000,0.000000,0,130.000,0.000,0.000,0.000,inf,0.000000,0.000000,0.000000,0.000
264,ai,85.636,0.000000,5.938,-0.011429,0.000000,0.000000,0.000000,1.000,0.000,0.000,0.000,0.000,0.000000,0.000,0,0.000000,0.000000,0.000000,0.000000,0.000000,0,130.000,0.000,0.000,0.000,inf,0.000000,0.000000,0.000000,0.000
265,ai,85.569,0.000000,4.907,-0.009434,0.000000,0.000000,0.000000,1.000,0.000,0.000,0.000,0.000,0.000000,0.000,0,0.000000,0.000000,0.000000,0.000000,0.000000,0,130.000,0.000,0.000,0.000,inf,0.000000,0.000000,0.000000,0.000
266,ai,85.676,0.000000,3.998,-0.007673,0.000000,0.000000,0.000000,1.000,0.000,0.000,0.000,0.000,0.000000,0.000,0,0.000000,0.000000,0.000000,0.000000,0.000000,0,130.000,0.000,0.000,0.000,inf,0.000000,0.000000,0.000000,0.000
267,ai,85.828,0.000000,3.239,-0.006211,0.000000,0.000000,0.000000,1.000,0.000,0.000,0.000,0.000,0.000000,0.000,0,0.000000,0.000000,0.000000,0.000000,0.000000,0,130.000,0.000,0.000,0.000,inf,0.000000,0.000000,0.000000,0.000
268,ai,85.890,0.000000,2.675,-0.005163,0.000000,0.000000,0.000000,1.000,0.000,0.000,0.000,0.000,0.000000,0.000,0,0.000000,0.000000,0.000000,0.000000,0.000000,0,130.000,0.000,0.000,0.000,inf,0.000000,0.000000,0.000000,0.000
269,ai,85.974,0.000000,2.290,-0.004439,0.000000,0.000000,0.000000,1.000,0.000,0.000,0.000,0.000,0.000000,0.000,0,0.000000,0.000000,0.000000,0.000000,0.000000,0,130.000,0.000,0.000,0.000,inf,0.000000,0.000000,0.000000,0.000
270,ai,85.977,0.000000,2.037,-0.003956,0.000000,0.000000,0.000000,1.000,0.000,0.000,0.000,0.000,0.000000,0.000,0,0.000000,0.000000,0.000000,0.000000,0.000000,0,130.000,0.000,0.000,0.000,inf,0.000000,0.000000,0.000000,0.000
271,ai,86.053,0.000000,1.871,-0.003655,0.000000,0.000000,0.000000,1.000,0.000,0.000,0.000,0.000,0.000000,0.000,0,0.000000,0.000000,0.000000,0.000000,0.000000,0,130.000,0.000,0.000,0.000,inf,0.000000,0.000000,0.000000,0.000
272,ai,86.102,0.000000,1.778,-0.003477,0.000000,0.000000,0.000000,1.000,0.000,0.000,0.000,0.000,0.000000,0.000,0,0.000000,0.000000,0.000000,0.000000,0.000000,0,130.000,0.000,0.000,0.000,inf,0.000000,0.000000,0.000000,0.000
273,ai,86.147,0.000000,1.727,-0.003374,0.000000,0.000000,0.000000,1.000,0.000,0.000,0.000,0.000,0.000000,0.000,0,0.000000,0.000000,0.000000,0.000000,0.000000,0,130.000,0.000,0.000,0.000,inf,0.000000,0.000000,0.000000,0.000
274,ai,86.150,0.000000,1.668,-0.003254,0.000000,0.000000,0.000000,1.000,0.000,0.000,0.000,0.000,0.000000,0.000,0,0.000000,0.000000,0.000000,0.000000,0.000000,0,130.000,0.000,0.000,0.000,inf,0.000000,0.000000,0.000000,0.000
275,ai,86.103,0.000000,1.618,-0.003158,0.000000,0.000000,0.000000,1.000,0.000,0.000,0.000,0.000,0.000000,0.000,0,0.000000,0.000000,0.000000,0.000000,0.000000,0,130.000,0.000,0.000,0.000,inf,0.000000,0.000000,0.000000,0.000
276,ai,86.024,0.000000,1.561,-0.003060,0.000000,0.000000,0.000000,1.000,0.000,0.000,0.000,0.000,0.000000,0.000,0,0.000000,0.000000,0.000000,0.000000,0.000000,0,130.000,0.000,0.000,0.000,inf,0.000000,0.000000,0.000000,0.000
277,ai,86.010,0.000000,1.503,-0.002941,0.000000,0.000000,0.000000,1.000,0.000,0.000,0.000,0.000,0.000000,0.000,0,0.000000,0.000000,0.000000,0.000000,0.000000,0,130.000,0.000,0.000,0.000,inf,0.000000,0.000000,0.000000,0.000
278,ai,86.067,0.000000,1.399,-0.002716,0.000000,0.000000,0.000000,1.000,0.000,0.000,0.000,0.000,0.000000,0.000,0,0.000000,0.000000,0.000000,0.000000,0.000000,0,130.000,0.000,0.000,0.000,inf,0.000000,0.000000,0.000000,0.000
279,ai,86.136,0.000000,1.228,-0.002359,0.000000,0.000000,0.000000,1.000,0.000,0.000,0.000,0.000,0.000000,0.000,0,0.000000,0.000000,0.000000,0.000000,0.000000,0,130.000,0.000,0.000,0.000,inf,0.000000,0.000000,0.000000,0.000
280,ai,86.111,0.000000,1.004,-0.001924,0.000000,0.000000,0.000000,1.000,0.000,0.000,0.000,0.000,0.000000,0.000,0,0.000000,0.000000,0.000000,0.000000,0.000000,0,130.000,0.000,0.000,0.000,inf,0.000000,0.000000,0.000000,0.000
281,ai,86.071,0.000000,0.788,-0.001507,0.000000,0.000000,0.000000,1.000,0.000,0.000,0.000,0.000,0.000000,0.000,0,0.000000,0.000000,0.000000,0.000000,0.000000,0,130.000,0.000,0.000,0.000,inf,0.000000,0.000000,0.000000,0.000
282,ai,86.065,0.000000,0.584,-0.001098,0.000000,0.000000,0.000000,1.000,0.000,0.000,0.000,0.000,0.000000,0.000,0,0.000000,0.000000,0.000000,0.000000,0.000000,0,130.000,0.000,0.000,0.000,inf,0.000000,0.000000,0.000000,0.000
283,ai,86.153,0.000000,0.396,-0.000753,0.000000,0.000000,0.000000,1.000,0.000,0.000,0.000,0.000,0.000000,0.000,0,0.000000,0.000000,0.000000,0.000000,0.000000,0,130.000,0.000,0.000,0.000,inf,0.000000,0.000000,0.000000,0.000
284,ai,86.148,0.000000,0.215,-0.000389,0.000000,0.000000,0.000000,1.000,0.000,0.000,0.000,0.000,0.000000,0.000,0,0.000000,0.000000,0.000000,0.000000,0.000000,0,130.000,0.000,0.000,0.000,inf,0.000000,0.000000,0.000000,0.000
285,ai,86.223,0.000000,0.054,-0.000073,0.000000,0.000000,0.000000,1.000,0.000,0.000,0.000,0.000,0.000000,0.000,0,0.000000,0.000000,0.000000,0.000000,0.000000,0,130.000,0.000,0.000,0.000,inf,0.000000,0.000000,0.000000,0.000
286,ai,86.163,0.000000,-0.081,0.000196,0.000000,0.000000,0.000000,1.000,0.000,0.000,0.000,0.000,0.000000,0.000,0,0.000000,0.000000,0.000000,0.000000,0.000000,0,130.000,0.000,0.000,0.000,inf,0.000000,0.000000,0.000000,0.000
287,ai,86.301,0.000000,-0.209,0.000427,0.000000,0.000000,0.000000,1.000,0.000,0.000,0.000,0.000,0.000000,0.000,0,0.000000,0.000000,0.000000,0.000000,0.000000,0,130.000,0.000,0.000,0.000,inf,0.000000,0.000000,0.000000,0.000
288,ai,86.166,0.000000,-0.309,0.000609,0.000000,0.000000,0.000000,1.000,0.000,0.000,0.000,0.000,0.000000,0.000,0,0.000000,0.000000,0.000000,0.000000,0.000000,0,130.000,0.000,0.000,0.000,inf,0.000000,0.000000,0.000000,0.000
289,ai,86.166,0.000000,-0.408,0.000821,0.000000,0.000000,0.000000,1.000,0.000,0.000,0.000,0.000,0.000000,0.000,0,0.000000,0.000000,0.000000,0.000000,0.000000,0,130.000,0.000,0.000,0.000,inf,0.000000,0.000000,0.000000,0.000
290,ai,86.293,0.000000,-0.502,0.000993,0.000000,0.000000,0.000000,1.000,0.000,0.000,0.000,0.000,0.000000,0.000,0,0.000000,0.000000,0.000000,0.000000,0.000000,0,130.000,0.000,0.000,0.000,inf,0.000000,0.000000,0.000000,0.000
291,ai,86.140,0.000000,-0.571,0.001134,0.000000,0.000000,0.000000,1.000,0.000,0.000,0.000,0.000,0.000000,0.000,0,0.000000,0.000000,0.000000,0.000000,0.000000,0,130.000,0.000,0.000,0.000,inf,0.000000,0.000000,0.000000,0.000
292,ai,86.257,0.000000,-0.610,0.001203,0.000000,0.000000,0.000000,1.000,0.000,0.000,0.000,0.000,0.000000,0.000,0,0.000000,0.000000,0.000000,0.000000,0.000000,0,130.000,0.000,0.000,0.000,inf,0.000000,0.000000,0.000000,0.000
293,ai,86.178,0.000000,-0.655,0.001284,0.000000,0.000000,0.000000,1.000,0.000,0.000,0.000,0.000,0.000000,0.000,0,0.000000,0.000000,0.000000,0.000000,0.000000,0,130.000,0.000,0.000,0.000,inf,0.000000,0.000000,0.000000,0.000
294,ai,86.314,0.000000,-0.688,0.001362,0.000000,0.000000,0.000000,1.000,0.000,0.000,0.000,0.000,0.000000,0.000,0,0.000000,0.000000,0.000000,0.000000,0.000000,0,130.000,0.000,0.000,0.000,inf,0.000000,0.000000,0.000000,0.000
295,ai,86.177,0.000000,-0.775,0.001535,0.000000,0.000000,0.000000,1.000,0.000,0.000,0.000,0.000,0.000000,0.000,0,0.000000,0.000000,0.000000,0.000000,0.000000,0,130.000,0.000,0.000,0.000,inf,0.000000,0.000000,0.000000,0.000
296,ai,86.101,0.000000,-0.862,0.001698,0.000000,0.000000,0.000000,1.000,0.000,0.000,0.000,0.000,0.000000,0.000,0,0.000000,0.000000,0.000000,0.000000,0.000000,0,130.000,0.000,0.000,0.000,inf,0.000000,0.000000,0.000000,0.000
297,ai,86.088,0.000000,-0.950,0.001866,0.000000,0.000000,0.000000,1.000,0.000,0.000,0.000,0.000,0.000000,0.000,0,0.000000,0.000000,0.000000,0.000000,0.000000,0,130.000,0.000,0.000,0.000,inf,0.000000,0.000000,0.000000,0.000
298,ai,86.219,0.000000,-0.996,0.001978,0.000000,0.000000,0.000000,1.000,0.000,0.000,0.000,0.000,0.000000,0.000,0,0.000000,0.000000,0.000000,0.000000,0.000000,0,130.000,0.000,0.000,0.000,inf,0.000000,0.000000,0.000000,0.000
299,ai,86.121,0.000000,-1.028,0.002004,0.000000,0.000000,0.000000,1.000,0.000,0.000,0.000,0.000,0.000000,0.000,0,0.000000,0.000000,0.000000,0.000000,0.000000,0,130.000,0.000,0.000,0.000,inf,0.000000,0.000000,0.000000,0.000
300,ai,86.097,0.000000,-1.032,0.002047,0.000000,0.000000,0.000000,1.000,0.000,0.000,0.000,0.000,0.000000,0.000,0,0.000000,0.000000,0.000000,0.000000,0.000000,0,130.000,0.000,0.000,0.000,inf,0.000000,0.000000,0.000000,0.000
301,ai,86.207,0.000000,-1.068,0.002078,0.000000,0.000000,0.000000,1.000,0.000,0.000,0.000,0.000,0.000000,0.000,0,0.000000,0.000000,0.000000,0.000000,0.000000,0,130.000,0.000,0.000,0.000,inf,0.000000,0.000000,0.000000,0.000
302,ai,86.219,0.000000,-1.105,0.002198,0.000000,0.000000,0.000000,1.000,0.000,0.000,0.000,0.000,0.000000,0.000,0,0.000000,0.000000,0.000000,0.000000,0.000000,0,130.000,0.000,0.000,0.000,inf,0.000000,0.000000,0.000000,0.000
303,ai,86.229,0.000000,-1.152,0.002262,0.000000,0.000000,0.000000,1.000,0.000,0.000,0.000,0.000,0.000000,0.000,0,0.000000,0.000000,0.000000,0.000000,0.000000,0,130.000,0.000,0.000,0.000,inf,0.000000,0.000000,0.000000,0.000
304,ai,86.235,0.000000,-1.178,0.002311,0.000000,0.000000,0.000000,1.000,0.000,0.000,0.000,0.000,0.000000,0.000,0,0.000000,0.000000,0.000000,0.000000,0.000000,0,130.000,0.000,0.000,0.000,inf,0.000000,0.000000,0.000000,0.000
305,ai,86.183,0.000000,-1.187,0.002320,0.000000,0.000000,0.000000,1.000,0.000,0.000,0.000,0.000,0.000000,0.000,0,0.000000,0.000000,0.000000,0.000000,0.000000,0,130.000,0.000,0.000,0.000,inf,0.000000,0.000000,0.000000,0.000
306,ai,86.107,0.000000,-1.148,0.002255,0.000000,0.000000,0.000000,1.000,0.000,0.000,0.000,0.000,0.000000,0.000,0,0.000000,0.000000,0.000000,0.000000,0.000000,0,130.000,0.000,0.000,0.000,inf,0.000000,0.000000,0.000000,0.000
307,ai,86.139,0.000000,-1.141,0.002239,0.000000,0.000000,0.000000,1.000,0.000,0.000,0.000,0.000,0.000000,0.000,0,0.000000,0.000000,0.000000,0.000000,0.000000,0,130.000,0.000,0.000,0.000,inf,0.000000,0.000000,0.000000,0.000
308,ai,86.179,0.000000,-1.179,0.002315,0.000000,0.000000,0.000000,1.000,0.000,0.000,0.000,0.000,0.000000,0.000,0,0.000000,0.000000,0.000000,0.000000,0.000000,0,130.000,0.000,0.000,0.000,inf,0.000000,0.000000,0.000000,0.000
309,ai,86.216,0.000000,-1.158,0.002262,0.000000,0.000000,0.000000,1.000,0.000,0.000,0.000,0.000,0.000000,0.000,0,0.000000,0.000000,0.000000,0.000000,0.000000,0,130.000,0.000,0.000,0.000,inf,0.000000,0.000000,0.000000,0.000
310,ai,86.167,0.000000,-1.139,0.002239,0.000000,0.000000,0.000000,1.000,0.000,0.000,0.000,0.000,0.000000,0.000,0,0.000000,0.000000,0.000000,0.000000,0.000000,0,130.000,0.000,0.000,0.000,inf,0.000000,0.000000,0.000000,0.000
311,ai,86.216,0.000000,-1.197,0.002354,0.000000,0.000000,0.000000,1.000,0.000,0.000,0.000,0.000,0.000000,0.000,0,0.000000,0.000000,0.000000,0.000000,0.000000,0,130.000,0.000,0.000,0.000,inf,0.000000,0.000000,0.000000,0.000
312,ai,86.037,0.000000,-1.237,0.002429,0.000000,0.000000,0.000000,1.000,0.000,0.000,0.000,0.000,0.000000,0.000,0,0.000000,0.000000,0.000000,0.000000,0.000000,0,130.000,0.000,0.000,0.000,inf,0.000000,0.000000,0.000000,0.000
313,ai,86.056,0.000000,-1.249,0.002453,0.000000,0.000000,0.000000,1.000,0.000,0.000,0.000,0.000,0.000000,0.000,0,0.000000,0.000000,0.000000,0.000000,0.000000,0,130.000,0.000,0.000,0.000,inf,0.000000,0.000000,0.000000,0.000
314,ai,86.144,0.000000,-1.253,0.002445,0.000000,0.000000,0.000000,1.000,0.000,0.000,0.000,0.000,0.000000,0.000,0,0.000000,0.000000,0.000000,0.000000,0.000000,0,130.000,0.000,0.000,0.000,inf,0.000000,0.000000,0.000000,0.000
315,ai,86.139,0.000000,-1.241,0.002420,0.000000,0.000000,0.000000,1.000,0.000,0.000,0.000,0.000,0.000000,0.000,0,0.000000,0.000000,0.000000,0.000000,0.000000,0,130.000,0.000,0.000,0.000,inf,0.000000,0.000000,0.000000,0.000
316,ai,86.170,0.000000,-1.238,0.002436,0.000000,0.000000,0.000000,1.000,0.000,0.000,0.000,0.000,0.000000,0.000,0,0.000000,0.000000,0.000000,0.000000,0.000000,0,130.000,0.000,0.000,0.000,inf,0.000000,0.000000,0.000000,0.000
317,ai,86.280,0.000000,-1.287,0.002517,0.000000,0.000000,0.000000,1.000,0.000,0.000,0.000,0.000,0.000000,0.000,0,0.000000,0.000000,0.000000,0.000000,0.000000,0,130.000,0.000,0.000,0.000,inf,0.000000,0.000000,0.000000,0.000
318,ai,86.238,0.000000,-1.335,0.002621,0.000000,0.000000,0.000000,1.000,0.000,0.000,0.000,0.000,0.000000,0.000,0,0.000000,0.000000,0.000000,0.000000,0.000000,0,130.000,0.000,0.000,0.000,inf,0.000000,0.000000,0.000000,0.000
319,ai,86.249,0.000000,-1.374,0.002674,0.000000,0.000000,0.000000,1.000,0.000,0.000,0.000,0.000,0.000000,0.000,0,0.000000,0.000000,0.000000,0.000000,0.000000,0,130.000,0.000,0.000,0.000,inf,0.000000,0.000000,0.000000,0.000
320,ai,86.091,0.000000,-1.366,0.002680,0.000000,0.000000,0.000000,1.000,0.000,0.000,0.000,0.000,0.000000,0.000,0,0.000000,0.000000,0.000000,0.000000,0.000000,0,130.000,0.000,0.000,0.000,inf,0.000000,0.000000,0.000000,0.000
321,ai,86.028,0.000000,-1.345,0.002629,0.000000,0.000000,0.000000,1.000,0.000,0.000,0.000,0.000,0.000000,0.000,0,0.000000,0.000000,0.000000,0.000000,0.000000,0,130.000,0.000,0.000,0.000,inf,0.000000,0.000000,0.000000,0.000
322,ai,86.320,0.000000,-1.290,0.002517,0.000000,0.000000,0.000000,1.000,0.000,0.000,0.000,0.000,0.000000,0.000,0,0.000000,0.000000,0.000000,0.000000,0.000000,0,130.000,0.000,0.000,0.000,inf,0.000000,0.000000,0.000000,0.000
323,ai,86.445,0.000000,-1.209,0.002353,0.000000,0.000000,0.000000,1.000,0.000,0.000,0.000,0.000,0.000000,0.000,0,0.000000,0.000000,0.000000,0.000000,0.000000,0,130.000,0.000,0.000,0.000,inf,0.000000,0.000000,0.000000,0.000
324,ai,86.400,0.000000,-0.745,0.001385,0.000000,0.000000,0.000000,1.000,0.000,0.000,0.000,0.000,0.000000,0.000,0,0.000000,0.000000,0.000000,0.000000,0.000000,0,130.000,0.000,0.000,0.000,inf,0.000000,0.000000,0.000000,0.000
325,ai,86.198,0.000000,-0.473,0.000935,0.000000,0.000000,0.000000,1.000,0.000,0.000,0.000,0.000,0.000000,0.000,0,0.000000,0.000000,0.000000,0.000000,0.000000,0,130.000,0.000,0.000,0.000,inf,0.000000,0.000000,0.000000,0.000
326,ai,86.246,0.000000,-0.776,0.001580,0.000000,0.000000,0.000000,1.000,0.000,0.000,0.000,0.000,0.000000,0.000,0,0.000000,0.000000,0.000000,0.000000,0.000000,0,130.000,0.000,0.000,0.000,inf,0.000000,0.000000,0.000000,0.000
327,ai,86.318,0.000000,-0.920,0.001785,0.000000,0.000000,0.000000,1.000,0.000,0.000,0.000,0.000,0.000000,0.000,0,0.000000,0.000000,0.000000,0.000000,0.000000,0,130.000,0.000,0.000,0.000,inf,0.000000,0.000000,0.000000,0.000
328,ai,86.226,0.000000,-0.919,0.001896,0.000000,0.000000,0.000000,1.000,0.000,0.000,0.000,0.000,0.000000,0.000,0,0.000000,0.000000,0.000000,0.000000,0.000000,0,130.000,0.000,0.000,0.000,inf,0.000000,0.000000,0.000000,0.000
329,ai,85.917,0.000000,-1.006,0.001983,0.000000,0.000000,0.000000,1.000,0.000,0.000,0.000,0.000,0.000000,0.000,0,0.000000,0.000000,0.000000,0.000000,0.000000,0,130.000,0.000,0.000,0.000,inf,0.000000,0.000000,0.000000,0.000
330,ai,86.037,0.000000,-1.080,0.002190,0.000000,0.000000,0.000000,1.000,0.000,0.000,0.000,0.000,0.000000,0.000,0,0.000000,0.000000,0.000000,0.000000,0.000000,0,130.000,0.000,0.000,0.000,inf,0.000000,0.000000,0.000000,0.000
331,ai,86.004,0.000000,-1.071,0.001661,0.000000,0.000000,0.000000,1.000,0.000,0.000,0.000,0.000,0.000000,0.000,0,0.000000,0.000000,0.000000,0.000000,0.000000,0,130.000,0.000,0.000,0.000,inf,0.000000,0.000000,0.000000,0.000
332,ai,86.072,0.000000,4.291,-0.010105,0.000000,0.000000,0.000000,1.000,0.000,0.000,0.000,0.000,0.000000,0.000,0,0.000000,0.000000,0.000000,0.000000,0.000000,0,130.000,0.000,0.000,0.000,inf,0.000000,0.000000,0.000000,0.000
333,ai,86.080,0.000000,13.807,-0.029208,0.000000,0.000000,0.000000,1.000,0.000,0.000,0.000,0.000,0.000000,0.000,0,0.000000,0.000000,0.000000,0.000000,0.000000,0,130.000,0.000,0.000,0.000,inf,0.000000,0.000000,0.000000,0.000
334,ai,85.786,0.000000,25.703,-0.053385,0.000000,0.000000,0.000000,1.000,0.000,0.000,0.000,0.000,0.000000,0.000,0,0.000000,0.000000,0.000000,0.000000,0.000000,0,130.000,0.000,0.000,0.000,inf,0.000000,0.000000,0.000000,0.000
335,ai,85.666,0.000000,39.890,-0.080773,0.000000,0.000000,0.000000,1.000,0.000,0.000,0.000,0.000,0.000000,0.000,0,0.000000,0.000000,0.000000,0.000000,0.000000,0,130.000,0.000,0.000,0.000,inf,0.000000,0.000000,0.000000,0.000
336,ai,85.352,0.000000,55.076,-0.110941,0.000000,0.000000,0.000000,1.000,0.000,0.000,0.000,0.000,0.000000,0.000,0,0.000000,0.000000,0.000000,0.000000,0.000000,0,130.000,0.000,0.000,0.000,inf,0.000000,0.000000,0.000000,0.000
337,ai,84.972,0.000000,67.040,-0.132587,0.000000,0.000000,0.000000,1.000,0.000,0.000,0.000,0.000,0.000000,0.000,0,0.000000,0.000000,0.000000,0.000000,0.000000,0,130.000,0.000,0.000,0.000,inf,0.000000,0.000000,0.000000,0.000
338,ai,84.600,0.000000,70.399,-0.137854,0.000000,0.000000,0.000000,1.000,0.000,0.000,0.000,0.000,0.000000,0.000,0,0.000000,0.000000,0.000000,0.000000,0.000000,0,130.000,0.000,0.000,0.000,inf,0.000000,0.000000,0.000000,0.000
339,ai,84.359,0.000000,67.846,-0.132727,0.000000,0.000000,0.000000,1.000,0.000,0.000,0.000,0.000,0.000000,0.000,0,0.000000,0.000000,0.000000,0.000000,0.000000,0,130.000,0.000,0.000,0.000,inf,0.000000,0.000000,0.000000,0.000
340,ai,84.064,0.000000,69.004,-0.135365,0.000000,0.000000,0.000000,1.000,0.000,0.000,0.000,0.000,0.000000,0.000,0,0.000000,0.000000,0.000000,0.000000,0.000000,0,130.000,0.000,0.000,0.000,inf,0.000000,0.000000,0.000000,0.000
341,ai,83.797,0.000000,71.334,-0.140098,0.000000,0.000000,0.000000,1.000,0.000,0.000,0.000,0.000,0.000000,0.000,0,0.000000,0.000000,0.000000,0.000000,0.000000,0,130.000,0.000,0.000,0.000,inf,0.000000,0.000000,0.000000,0.000
342,ai,83.581,0.000000,68.487,-0.133453,0.000000,0.000000,0.000000,1.000,0.000,0.000,0.000,0.000,0.000000,0.000,0,0.000000,0.000000,0.000000,0.000000,0.000000,0,130.000,0.000,0.000,0.000,inf,0.000000,0.000000,0.000000,0.000
343,ai,84.048,0.000000,64.052,-0.124590,0.000000,0.000000,0.000000,1.000,0.000,0.000,0.000,0.000,0.000000,0.000,0,0.000000,0.000000,0.000000,0.000000,0.000000,0,130.000,0.000,0.000,0.000,inf,0.000000,0.000000,0.000000,0.000
344,ai,84.373,0.000000,62.503,-0.122580,0.000000,0.000000,0.000000,1.000,0.000,0.000,0.000,0.000,0.000000,0.000,0,0.000000,0.000000,0.000000,0.000000,0.000000,0,130.000,0.000,0.000,0.000,inf,0.000000,0.000000,0.000000,0.000
345,ai,84.784,0.000000,61.952,-0.120923,0.000000,0.000000,0.000000,1.000,0.000,0.000,0.000,0.000,0.000000,0.000,0,0.000000,0.000000,0.000000,0.000000,0.000000,0,130.000,0.000,0.000,0.000,inf,0.000000,0.000000,0.000000,0.000
346,ai,84.992,0.000000,61.162,-0.120122,0.000000,0.000000,0.000000,1.000,0.000,0.000,0.000,0.000,0.000000,0.000,0,0.000000,0.000000,0.000000,0.000000,0.000000,0,130.000,0.000,0.000,0.000,inf,0.000000,0.000000,0.000000,0.000
347,ai,85.093,0.000000,61.629,-0.120923,0.000000,0.000000,0.000000,1.000,0.000,0.000,0.000,0.000,0.000000,0.000,0,0.000000,0.000000,0.000000,0.000000,0.000000,0,130.000,0.000,0.000,0.000,inf,0.000000,0.000000,0.000000,0.000
348,ai,85.126,0.000000,62.078,-0.121780,0.000000,0.000000,0.000000,1.000,0.000,0.000,0.000,0.000,0.000000,0.000,0,0.000000,0.000000,0.000000,0.000000,0.000000,0,130.000,0.000,0.000,0.000,inf,0.000000,0.000000,0.000000,0.000
349,ai,84.958,0.000000,62.339,-0.122472,0.000000,0.000000,0.000000,1.000,0.000,0.000,0.000,0.000,0.000000,0.000,0,0.000000,0.000000,0.000000,0.000000,0.000000,0,130.000,0.000,0.000,0.000,inf,0.000000,0.000000,0.000000,0.000
350,ai,85.011,0.000000,62.741,-0.123104,0.000000,0.000000,0.000000,1.000,0.000,0.000,0.000,0.000,0.000000,0.000,0,0.000000,0.000000,0.000000,0.000000,0.000000,0,130.000,0.000,0.000,0.000,inf,0.000000,0.000000,0.000000,0.000
351,ai,84.923,0.000000,63.064,-0.123686,0.000000,0.000000,0.000000,1.000,0.000,0.000,0.000,0.000,0.000000,0.000,0,0.000000,0.000000,0.000000,0.000000,0.000000,0,130.000,0.000,0.000,0.000,inf,0.000000,0.000000,0.000000,0.000
352,ai,84.961,0.000000,63.461,-0.124463,0.000000,0.000000,0.000000,1.000,0.000,0.000,0.000,0.000,0.000000,0.000,0,0.000000,0.000000,0.000000,0.000000,0.000000,0,130.000,0.000,0.000,0.000,inf,0.000000,0.000000,0.000000,0.000
353,ai,85.228,0.000000,63.646,-0.124797,0.000000,0.000000,0.000000,1.000,0.000,0.000,0.000,0.000,0.000000,0.000,0,0.000000,0.000000,0.000000,0.000000,0.000000,0,130.000,0.000,0.000,0.000,inf,0.000000,0.000000,0.000000,0.000
354,ai,85.110,0.000000,63.696,-0.124910,0.000000,0.000000,0.000000,1.000,0.000,0.000,0.000,0.000,0.000000,0.000,0,0.000000,0.000000,0.000000,0.000000,0.000000,0,130.000,0.000,0.000,0.000,inf,0.000000,0.000000,0.000000,0.000
355,ai,85.186,0.000000,63.711,-0.124899,0.000000,0.000000,0.000000,1.000,0.000,0.000,0.000,0.000,0.000000,0.000,0,0.000000,0.000000,0.000000,0.000000,0.000000,0,130.000,0.000,0.000,0.000,inf,0.000000,0.000000,0.000000,0.000
356,ai,85.193,0.000000,63.671,-0.124809,0.000000,0.000000,0.000000,1.000,0.000,0.000,0.000,0.000,0.000000,0.000,0,0.000000,0.000000,0.000000,0.000000,0.000000,0,130.000,0.000,0.000,0.000,inf,0.000000,0.000000,0.000000,0.000
357,ai,85.156,0.000000,63.481,-0.124460,0.000000,0.000000,0.000000,1.000,0.000,0.000,0.000,0.000,0.000000,0.000,0,0.000000,0.000000,0.000000,0.000000,0.000000,0,130.000,0.000,0.000,0.000,inf,0.000000,0.000000,0.000000,0.000
358,ai,85.537,0.000000,63.270,-0.124046,0.000000,0.000000,0.000000,1.000,0.000,0.000,0.000,0.000,0.000000,0.000,0,0.000000,0.000000,0.000000,0.000000,0.000000,0,130.000,0.000,0.000,0.000,inf,0.000000,0.000000,0.000000,0.000
359,ai,85.330,0.000000,63.155,-0.123818,0.000000,0.000000,0.000000,1.000,0.000,0.000,0.000,0.000,0.000000,0.000,0,0.000000,0.000000,0.000000,0.000000,0.000000,0,130.000,0.000,0.000,0.000,inf,0.000000,0.000000,0.000000,0.000
360,ai,85.343,0.000000,63.013,-0.123513,0.000000,0.000000,0.000000,1.000,0.000,0.000,0.000,0.000,0.000000,0.000,0,0.000000,0.000000,0.000000,0.000000,0.000000,0,130.000,0.000,0.000,0.000,inf,0.000000,0.000000,0.000000,0.000
361,ai,85.289,0.000000,62.902,-0.123338,0.000000,0.000000,0.000000,1.000,0.000,0.000,0.000,0.000,0.000000,0.000,0,0.000000,0.000000,0.000000,0.000000,0.000000,0,130.000,0.000,0.000,0.000,inf,0.000000,0.000000,0.000000,0.000
362,ai,85.248,0.000000,63.055,-0.123677,0.000000,0.000000,0.000000,1.000,0.000,0.000,0.000,0.000,0.000000,0.000,0,0.000000,0.000000,0.000000,0.000000,0.000000,0,130.000,0.000,0.000,0.000,inf,0.000000,0.000000,0.000000,0.000
363,ai,85.388,0.000000,63.199,-0.123973,0.000000,0.000000,0.000000,1.000,0.000,0.000,0.000,0.000,0.000000,0.000,0,0.000000,0.000000,0.000000,0.000000,0.000000,0,130.000,0.000,0.000,0.000,inf,0.000000,0.000000,0.000000,0.000
364,ai,85.223,0.000000,63.324,-0.124205,0.000000,0.000000,0.000000,1.000,0.000,0.000,0.000,0.000,0.000000,0.000,0,0.000000,0.000000,0.000000,0.000000,0.000000,0,130.000,0.000,0.000,0.000,inf,0.000000,0.000000,0.000000,0.000
365,ai,85.443,0.000000,63.477,-0.124474,0.000000,0.000000,0.000000,1.000,0.000,0.000,0.000,0.000,0.000000,0.000,0,0.000000,0.000000,0.000000,0.000000,0.000000,0,130.000,0.000,0.000,0.000,inf,0.000000,0.000000,0.000000,0.000
366,ai,85.438,0.000000,63.396,-0.124305,0.000000,0.000000,0.000000,1.000,0.000,0.000,0.000,0.000,0.000000,0.000,0,0.000000,0.000000,0.000000,0.000000,0.000000,0,130.000,0.000,0.000,0.000,inf,0.000000,0.000000,0.000000,0.000
367,ai,85.510,0.000000,63.389,-0.124297,0.000000,0.000000,0.000000,1.000,0.000,0.000,0.000,0.000,0.000000,0.000,0,0.000000,0.000000,0.000000,0.000000,0.000000,0,130.000,0.000,0.000,0.000,inf,0.000000,0.000000,0.000000,0.000
368,ai,85.368,0.000000,63.506,-0.124558,0.000000,0.000000,0.000000,1.000,0.000,0.000,0.000,0.000,0.000000,0.000,0,0.000000,0.000000,0.000000,0.000000,0.000000,0,130.000,0.000,0.000,0.000,inf,0.000000,0.000000,0.000000,0.000
