tick,stage,speed_kph,steering_cmd_norm,steering_wheel_deg,steering_input,throttle_cmd,brake_cmd,lane_offset,lane_confidence,route_heading_error_deg,route_lookahead_m,route_speed_target_kph,route_curve_speed_cap_kph,route_preview_curvature,route_preview_distance_m,route_progress_index,sensor_near_offset,sensor_far_offset,sensor_heading_hint,sensor_curvature_hint,sensor_width_norm,sensor_sample_count,sensor_speed_target_kph,sensor_curve_speed_cap_kph,sensor_obstacle_speed_cap_kph,sensor_lateral_accel_cap_kph,sensor_depth_min_m,sensor_close_fraction,sensor_lateral_accel_mps2,imitation_pred_norm,imitation_speed_target_kph,imitation_blend,control_phase,throttle_cap,damage
1,ai,0.060,0.000000,-54.409,0.120802,0.000000,0.000000,0.000000,1.000,0.000,0.000,0.000,0.000,0.000000,0.000,0,0.000000,0.000000,0.000000,0.000000,0.000000,0,110.000,0.000,0.000,0.000,inf,0.000000,0.000000,0.000000,110.000,0.000000,coast,0.600000,0.000
2,ai,0.224,0.000000,-121.009,0.243327,0.000000,0.000000,0.000000,1.000,0.000,0.000,0.000,0.000,0.000000,0.000,0,0.000000,0.000000,0.000000,0.000000,0.000000,0,110.000,0.000,0.000,0.000,inf,0.000000,0.000000,0.000000,110.000,0.000000,coast,0.600000,0.000
3,ai,0.721,0.000000,-124.396,0.243975,0.000000,0.000000,0.000000,1.000,0.000,0.000,0.000,0.000,0.000000,0.000,0,0.000000,0.000000,0.000000,0.000000,0.000000,0,110.000,0.000,0.000,0.000,inf,0.000000,0.000000,0.000000,110.000,0.000000,coast,0.600000,0.000
4,ai,1.015,0.000000,-124.484,0.244068,0.000000,0.000000,0.000000,1.000,0.000,0.000,0.000,0.000,0.000000,0.000,0,0.000000,0.000000,0.000000,0.000000,0.000000,0,110.000,0.000,0.000,0.000,inf,0.000000,0.000000,0.000000,110.000,0.000000,coast,0.600000,0.000
5,ai,1.277,0.000000,-124.278,0.243615,0.000000,0.000000,0.000000,1.000,0.000,0.000,0.000,0.000,0.000000,0.000,0,0.000000,0.000000,0.000000,0.000000,0.000000,0,110.000,0.000,0.000,0.000,inf,0.000000,0.000000,0.000000,110.000,0.000000,coast,0.600000,0.000
6,ai,1.510,0.000000,-123.705,0.242421,0.000000,0.000000,0.000000,1.000,0.000,0.000,0.000,0.000,0.000000,0.000,0,0.000000,0.000000,0.000000,0.000000,0.000000,0,110.000,0.000,0.000,0.000,inf,0.000000,0.000000,0.000000,110.000,0.000000,coast,0.600000,0.000
7,ai,1.808,0.000000,-122.842,0.240661,0.000000,0.000000,0.000000,1.000,0.000,0.000,0.000,0.000,0.000000,0.000,0,0.000000,0.000000,0.000000,0.000000,0.000000,0,110.000,0.000,0.000,0.000,inf,0.000000,0.000000,0.000000,110.000,0.000000,coast,0.600000,0.000
8,ai,2.159,0.000000,-121.777,0.238578,0.000000,0.000000,0.000000,1.000,0.000,0.000,0.000,0.000,0.000000,0.000,0,0.000000,0.000000,0.000000,0.000000,0.000000,0,110.000,0.000,0.000,0.000,inf,0.000000,0.000000,0.000000,110.000,0.000000,coast,0.600000,0.000
9,ai,2.607,0.000000,-120.825,0.236717,0.000000,0.000000,0.000000,1.000,0.000,0.000,0.000,0.000,0.000000,0.000,0,0.000000,0.000000,0.000000,0.000000,0.000000,0,110.000,0.000,0.000,0.000,inf,0.000000,0.000000,0.000000,110.000,0.000000,coast,0.600000,0.000
10,ai,2.842,0.000000,-119.866,0.234812,0.000000,0.000000,0.000000,1.000,0.000,0.000,0.000,0.000,0.000000,0.000,0,0.000000,0.000000,0.000000,0.000000,0.000000,0,110.000,0.000,0.000,0.000,inf,0.000000,0.000000,0.000000,110.000,0.000000,coast,0.600000,0.000
11,ai,3.202,0.000000,-118.587,0.232226,0.000000,0.000000,0.000000,1.000,0.000,0.000,0.000,0.000,0.000000,0.000,0,0.000000,0.000000,0.000000,0.000000,0.000000,0,110.000,0.000,0.000,0.000,inf,0.000000,0.000000,0.000000,110.000,0.000000,coast,0.600000,0.000
12,ai,3.758,0.000000,-117.006,0.229081,0.000000,0.000000,0.000000,1.000,0.000,0.000,0.000,0.000,0.000000,0.000,0,0.000000,0.000000,0.000000,0.000000,0.000000,0,110.000,0.000,0.000,0.000,inf,0.000000,0.000000,0.000000,110.000,0.000000,coast,0.600000,0.000
13,ai,4.056,0.000000,-115.174,0.225474,0.000000,0.000000,0.000000,1.000,0.000,0.000,0.000,0.000,0.000000,0.000,0,0.000000,0.000000,0.000000,0.000000,0.000000,0,110.000,0.000,0.000,0.000,inf,0.000000,0.000000,0.000000,110.000,0.000000,coast,0.600000,0.000
14,ai,4.585,0.000000,-113.075,0.221261,0.000000,0.000000,0.000000,1.000,0.000,0.000,0.000,0.000,0.000000,0.000,0,0.000000,0.000000,0.000000,0.000000,0.000000,0,110.000,0.000,0.000,0.000,inf,0.000000,0.000000,0.000000,110.000,0.000000,coast,0.600000,0.000
15,ai,4.863,0.000000,-110.654,0.216486,0.000000,0.000000,0.000000,1.000,0.000,0.000,0.000,0.000,0.000000,0.000,0,0.000000,0.000000,0.000000,0.000000,0.000000,0,110.000,0.000,0.000,0.000,inf,0.000000,0.000000,0.000000,110.000,0.000000,coast,0.600000,0.000
16,ai,5.127,0.000000,-108.162,0.211625,0.000000,0.000000,0.000000,1.000,0.000,0.000,0.000,0.000,0.000000,0.000,0,0.000000,0.000000,0.000000,0.000000,0.000000,0,110.000,0.000,0.000,0.000,inf,0.000000,0.000000,0.000000,110.000,0.000000,coast,0.600000,0.000
17,ai,5.633,0.000000,-105.532,0.206388,0.000000,0.000000,0.000000,1.000,0.000,0.000,0.000,0.000,0.000000,0.000,0,0.000000,0.000000,0.000000,0.000000,0.000000,0,110.000,0.000,0.000,0.000,inf,0.000000,0.000000,0.000000,110.000,0.000000,coast,0.600000,0.000
18,ai,5.992,0.000000,-102.515,0.200413,0.000000,0.000000,0.000000,1.000,0.000,0.000,0.000,0.000,0.000000,0.000,0,0.000000,0.000000,0.000000,0.000000,0.000000,0,110.000,0.000,0.000,0.000,inf,0.000000,0.000000,0.000000,110.000,0.000000,coast,0.600000,0.000
19,ai,6.442,0.000000,-99.370,0.194190,0.000000,0.000000,0.000000,1.000,0.000,0.000,0.000,0.000,0.000000,0.000,0,0.000000,0.000000,0.000000,0.000000,0.000000,0,110.000,0.000,0.000,0.000,inf,0.000000,0.000000,0.000000,110.000,0.000000,coast,0.600000,0.000
20,ai,6.681,0.000000,-96.091,0.187808,0.000000,0.000000,0.000000,1.000,0.000,0.000,0.000,0.000,0.000000,0.000,0,0.000000,0.000000,0.000000,0.000000,0.000000,0,110.000,0.000,0.000,0.000,inf,0.000000,0.000000,0.000000,110.000,0.000000,coast,0.600000,0.000
21,ai,7.253,0.000000,-92.933,0.181557,0.000000,0.000000,0.000000,1.000,0.000,0.000,0.000,0.000,0.000000,0.000,0,0.000000,0.000000,0.000000,0.000000,0.000000,0,110.000,0.000,0.000,0.000,inf,0.000000,0.000000,0.000000,110.000,0.000000,coast,0.600000,0.000
22,ai,7.371,0.000000,-89.662,0.175161,0.000000,0.000000,0.000000,1.000,0.000,0.000,0.000,0.000,0.000000,0.000,0,0.000000,0.000000,0.000000,0.000000,0.000000,0,110.000,0.000,0.000,0.000,inf,0.000000,0.000000,0.000000,110.000,0.000000,coast,0.600000,0.000
23,ai,7.918,0.000000,-86.500,0.168906,0.000000,0.000000,0.000000,1.000,0.000,0.000,0.000,0.000,0.000000,0.000,0,0.000000,0.000000,0.000000,0.000000,0.000000,0,110.000,0.000,0.000,0.000,inf,0.000000,0.000000,0.000000,110.000,0.000000,coast,0.600000,0.000
24,ai,7.938,0.000000,-83.266,0.162672,0.000000,0.000000,0.000000,1.000,0.000,0.000,0.000,0.000,0.000000,0.000,0,0.000000,0.000000,0.000000,0.000000,0.000000,0,110.000,0.000,0.000,0.000,inf,0.000000,0.000000,0.000000,110.000,0.000000,coast,0.600000,0.000
25,ai,8.413,0.000000,-79.818,0.155784,0.000000,0.000000,0.000000,1.000,0.000,0.000,0.000,0.000,0.000000,0.000,0,0.000000,0.000000,0.000000,0.000000,0.000000,0,110.000,0.000,0.000,0.000,inf,0.000000,0.000000,0.000000,110.000,0.000000,coast,0.600000,0.000
26,ai,9.049,0.000000,-76.201,0.148745,0.000000,0.000000,0.000000,1.000,0.000,0.000,0.000,0.000,0.000000,0.000,0,0.000000,0.000000,0.000000,0.000000,0.000000,0,110.000,0.000,0.000,0.000,inf,0.000000,0.000000,0.000000,110.000,0.000000,coast,0.600000,0.000
27,ai,9.097,0.000000,-72.534,0.141485,0.000000,0.000000,0.000000,1.000,0.000,0.000,0.000,0.000,0.000000,0.000,0,0.000000,0.000000,0.000000,0.000000,0.000000,0,110.000,0.000,0.000,0.000,inf,0.000000,0.000000,0.000000,110.000,0.000000,coast,0.600000,0.000
28,ai,9.656,0.000000,-68.778,0.134083,0.000000,0.000000,0.000000,1.000,0.000,0.000,0.000,0.000,0.000000,0.000,0,0.000000,0.000000,0.000000,0.000000,0.000000,0,110.000,0.000,0.000,0.000,inf,0.000000,0.000000,0.000000,110.000,0.000000,coast,0.600000,0.000
29,ai,10.166,0.000000,-65.128,0.126948,0.000000,0.000000,0.000000,1.000,0.000,0.000,0.000,0.000,0.000000,0.000,0,0.000000,0.000000,0.000000,0.000000,0.000000,0,110.000,0.000,0.000,0.000,inf,0.000000,0.000000,0.000000,110.000,0.000000,coast,0.600000,0.000
30,ai,10.496,0.000000,-61.378,0.119697,0.000000,0.000000,0.000000,1.000,0.000,0.000,0.000,0.000,0.000000,0.000,0,0.000000,0.000000,0.000000,0.000000,0.000000,0,110.000,0.000,0.000,0.000,inf,0.000000,0.000000,0.000000,110.000,0.000000,coast,0.600000,0.000
31,ai,10.860,0.000000,-57.643,0.112342,0.000000,0.000000,0.000000,1.000,0.000,0.000,0.000,0.000,0.000000,0.000,0,0.000000,0.000000,0.000000,0.000000,0.000000,0,110.000,0.000,0.000,0.000,inf,0.000000,0.000000,0.000000,110.000,0.000000,coast,0.600000,0.000
32,ai,11.418,0.000000,-53.686,0.104511,0.000000,0.000000,0.000000,1.000,0.000,0.000,0.000,0.000,0.000000,0.000,0,0.000000,0.000000,0.000000,0.000000,0.000000,0,110.000,0.000,0.000,0.000,inf,0.000000,0.000000,0.000000,110.000,0.000000,coast,0.600000,0.000
33,ai,11.919,0.000000,-49.734,0.096765,0.000000,0.000000,0.000000,1.000,0.000,0.000,0.000,0.000,0.000000,0.000,0,0.000000,0.000000,0.000000,0.000000,0.000000,0,110.000,0.000,0.000,0.000,inf,0.000000,0.000000,0.000000,110.000,0.000000,coast,0.600000,0.000
34,ai,12.654,0.000000,-45.645,0.088643,0.000000,0.000000,0.000000,1.000,0.000,0.000,0.000,0.000,0.000000,0.000,0,0.000000,0.000000,0.000000,0.000000,0.000000,0,110.000,0.000,0.000,0.000,inf,0.000000,0.000000,0.000000,110.000,0.000000,coast,0.600000,0.000
35,ai,13.263,0.000000,-41.266,0.080187,0.000000,0.000000,0.000000,1.000,0.000,0.000,0.000,0.000,0.000000,0.000,0,0.000000,0.000000,0.000000,0.000000,0.000000,0,110.000,0.000,0.000,0.000,inf,0.000000,0.000000,0.000000,110.000,0.000000,coast,0.600000,0.000
36,ai,13.814,0.000000,-36.958,0.071629,0.000000,0.000000,0.000000,1.000,0.000,0.000,0.000,0.000,0.000000,0.000,0,0.000000,0.000000,0.000000,0.000000,0.000000,0,110.000,0.000,0.000,0.000,inf,0.000000,0.000000,0.000000,110.000,0.000000,coast,0.600000,0.000
37,ai,14.332,0.000000,-32.490,0.062850,0.000000,0.000000,0.000000,1.000,0.000,0.000,0.000,0.000,0.000000,0.000,0,0.000000,0.000000,0.000000,0.000000,0.000000,0,110.000,0.000,0.000,0.000,inf,0.000000,0.000000,0.000000,110.000,0.000000,coast,0.600000,0.000
38,ai,14.798,0.000000,-28.031,0.054235,0.000000,0.000000,0.000000,1.000,0.000,0.000,0.000,0.000,0.000000,0.000,0,0.000000,0.000000,0.000000,0.000000,0.000000,0,110.000,0.000,0.000,0.000,inf,0.000000,0.000000,0.000000,110.000,0.000000,coast,0.600000,0.000
39,ai,14.996,0.000000,-12.583,0.022647,0.000000,0.000000,0.000000,1.000,0.000,0.000,0.000,0.000,0.000000,0.000,0,0.000000,0.000000,0.000000,0.000000,0.000000,0,110.000,0.000,0.000,0.000,inf,0.000000,0.000000,0.000000,110.000,0.000000,coast,0.600000,0.000
40,ai,15.740,0.000000,-7.203,0.013132,0.000000,0.000000,0.000000,1.000,0.000,0.000,0.000,0.000,0.000000,0.000,0,0.000000,0.000000,0.000000,0.000000,0.000000,0,110.000,0.000,0.000,0.000,inf,0.000000,0.000000,0.000000,110.000,0.000000,coast,0.600000,0.000
41,ai,16.693,0.000000,-2.323,0.003671,0.000000,0.000000,0.000000,1.000,0.000,0.000,0.000,0.000,0.000000,0.000,0,0.000000,0.000000,0.000000,0.000000,0.000000,0,110.000,0.000,0.000,0.000,inf,0.000000,0.000000,0.000000,110.000,0.000000,coast,0.600000,0.000
42,ai,17.111,0.000000,2.390,-0.005440,0.000000,0.000000,0.000000,1.000,0.000,0.000,0.000,0.000,0.000000,0.000,0,0.000000,0.000000,0.000000,0.000000,0.000000,0,110.000,0.000,0.000,0.000,inf,0.000000,0.000000,0.000000,110.000,0.000000,coast,0.600000,0.000
43,ai,18.453,0.000000,6.832,-0.014257,0.000000,0.000000,0.000000,1.000,0.000,0.000,0.000,0.000,0.000000,0.000,0,0.000000,0.000000,0.000000,0.000000,0.000000,0,110.000,0.000,0.000,0.000,inf,0.000000,0.000000,0.000000,110.000,0.000000,coast,0.600000,0.000
44,ai,18.452,0.000000,11.248,-0.022861,0.000000,0.000000,0.000000,1.000,0.000,0.000,0.000,0.000,0.000000,0.000,0,0.000000,0.000000,0.000000,0.000000,0.000000,0,110.000,0.000,0.000,0.000,inf,0.000000,0.000000,0.000000,110.000,0.000000,coast,0.600000,0.000
45,ai,19.955,0.000000,15.628,-0.031452,0.000000,0.000000,0.000000,1.000,0.000,0.000,0.000,0.000,0.000000,0.000,0,0.000000,0.000000,0.000000,0.000000,0.000000,0,110.000,0.000,0.000,0.000,inf,0.000000,0.000000,0.000000,110.000,0.000000,coast,0.600000,0.000
46,ai,20.506,0.000000,20.217,-0.040556,0.000000,0.000000,0.000000,1.000,0.000,0.000,0.000,0.000,0.000000,0.000,0,0.000000,0.000000,0.000000,0.000000,0.000000,0,110.000,0.000,0.000,0.000,inf,0.000000,0.000000,0.000000,110.000,0.000000,coast,0.600000,0.000
47,ai,21.291,0.000000,24.955,-0.049985,0.000000,0.000000,0.000000,1.000,0.000,0.000,0.000,0.000,0.000000,0.000,0,0.000000,0.000000,0.000000,0.000000,0.000000,0,110.000,0.000,0.000,0.000,inf,0.000000,0.000000,0.000000,110.000,0.000000,coast,0.600000,0.000
48,ai,22.342,0.000000,29.835,-0.059433,0.000000,0.000000,0.000000,1.000,0.000,0.000,0.000,0.000,0.000000,0.000,0,0.000000,0.000000,0.000000,0.000000,0.000000,0,110.000,0.000,0.000,0.000,inf,0.000000,0.000000,0.000000,110.000,0.000000,coast,0.600000,0.000
49,ai,23.504,0.000000,34.640,-0.068814,0.000000,0.000000,0.000000,1.000,0.000,0.000,0.000,0.000,0.000000,0.000,0,0.000000,0.000000,0.000000,0.000000,0.000000,0,110.000,0.000,0.000,0.000,inf,0.000000,0.000000,0.000000,110.000,0.000000,coast,0.600000,0.000
50,ai,24.262,0.000000,39.216,-0.077756,0.000000,0.000000,0.000000,1.000,0.000,0.000,0.000,0.000,0.000000,0.000,0,0.000000,0.000000,0.000000,0.000000,0.000000,0,110.000,0.000,0.000,0.000,inf,0.000000,0.000000,0.000000,110.000,0.000000,coast,0.600000,0.000
51,ai,25.068,0.000000,44.665,-0.088383,0.000000,0.000000,0.000000,1.000,0.000,0.000,0.000,0.000,0.000000,0.000,0,0.000000,0.000000,0.000000,0.000000,0.000000,0,110.000,0.000,0.000,0.000,inf,0.000000,0.000000,0.000000,110.000,0.000000,coast,0.600000,0.000
52,ai,26.446,0.000000,48.826,-0.096497,0.000000,0.000000,0.000000,1.000,0.000,0.000,0.000,0.000,0.000000,0.000,0,0.000000,0.000000,0.000000,0.000000,0.000000,0,110.000,0.000,0.000,0.000,inf,0.000000,0.000000,0.000000,110.000,0.000000,coast,0.600000,0.000
53,ai,27.150,0.000000,52.706,-0.104209,0.000000,0.000000,0.000000,1.000,0.000,0.000,0.000,0.000,0.000000,0.000,0,0.000000,0.000000,0.000000,0.000000,0.000000,0,110.000,0.000,0.000,0.000,inf,0.000000,0.000000,0.000000,110.000,0.000000,coast,0.600000,0.000
54,ai,28.292,0.000000,56.496,-0.111401,0.000000,0.000000,0.000000,1.000,0.000,0.000,0.000,0.000,0.000000,0.000,0,0.000000,0.000000,0.000000,0.000000,0.000000,0,110.000,0.000,0.000,0.000,inf,0.000000,0.000000,0.000000,110.000,0.000000,coast,0.600000,0.000
55,ai,29.676,0.000000,62.417,-0.123590,0.000000,0.000000,0.000000,1.000,0.000,0.000,0.000,0.000,0.000000,0.000,0,0.000000,0.000000,0.000000,0.000000,0.000000,0,110.000,0.000,0.000,0.000,inf,0.000000,0.000000,0.000000,110.000,0.000000,coast,0.600000,0.000
56,ai,30.452,0.000000,68.189,-0.134607,0.000000,0.000000,0.000000,1.000,0.000,0.000,0.000,0.000,0.000000,0.000,0,0.000000,0.000000,0.000000,0.000000,0.000000,0,110.000,0.000,0.000,0.000,inf,0.000000,0.000000,0.000000,110.000,0.000000,coast,0.600000,0.000
57,ai,31.297,0.000000,72.551,-0.143011,0.000000,0.000000,0.000000,1.000,0.000,0.000,0.000,0.000,0.000000,0.000,0,0.000000,0.000000,0.000000,0.000000,0.000000,0,110.000,0.000,0.000,0.000,inf,0.000000,0.000000,0.000000,110.000,0.000000,coast,0.600000,0.000
58,ai,32.241,0.000000,75.802,-0.149177,0.000000,0.000000,0.000000,1.000,0.000,0.000,0.000,0.000,0.000000,0.000,0,0.000000,0.000000,0.000000,0.000000,0.000000,0,110.000,0.000,0.000,0.000,inf,0.000000,0.000000,0.000000,110.000,0.000000,coast,0.600000,0.000
59,ai,33.065,0.000000,78.618,-0.154516,0.000000,0.000000,0.000000,1.000,0.000,0.000,0.000,0.000,0.000000,0.000,0,0.000000,0.000000,0.000000,0.000000,0.000000,0,110.000,0.000,0.000,0.000,inf,0.000000,0.000000,0.000000,110.000,0.000000,coast,0.600000,0.000
60,ai,33.698,0.000000,80.567,-0.158326,0.000000,0.000000,0.000000,1.000,0.000,0.000,0.000,0.000,0.000000,0.000,0,0.000000,0.000000,0.000000,0.000000,0.000000,0,110.000,0.000,0.000,0.000,inf,0.000000,0.000000,0.000000,110.000,0.000000,coast,0.600000,0.000
61,ai,34.456,0.000000,82.112,-0.161231,0.000000,0.000000,0.000000,1.000,0.000,0.000,0.000,0.000,0.000000,0.000,0,0.000000,0.000000,0.000000,0.000000,0.000000,0,110.000,0.000,0.000,0.000,inf,0.000000,0.000000,0.000000,110.000,0.000000,coast,0.600000,0.000
62,ai,35.452,0.000000,83.154,-0.163174,0.000000,0.000000,0.000000,1.000,0.000,0.000,0.000,0.000,0.000000,0.000,0,0.000000,0.000000,0.000000,0.000000,0.000000,0,110.000,0.000,0.000,0.000,inf,0.000000,0.000000,0.000000,110.000,0.000000,coast,0.600000,0.000
63,ai,36.539,0.000000,83.578,-0.163898,0.000000,0.000000,0.000000,1.000,0.000,0.000,0.000,0.000,0.000000,0.000,0,0.000000,0.000000,0.000000,0.000000,0.000000,0,110.000,0.000,0.000,0.000,inf,0.000000,0.000000,0.000000,110.000,0.000000,coast,0.600000,0.000
64,ai,37.158,0.000000,83.362,-0.163288,0.000000,0.000000,0.000000,1.000,0.000,0.000,0.000,0.000,0.000000,0.000,0,0.000000,0.000000,0.000000,0.000000,0.000000,0,110.000,0.000,0.000,0.000,inf,0.000000,0.000000,0.000000,110.000,0.000000,coast,0.600000,0.000
65,ai,38.158,0.000000,82.498,-0.161545,0.000000,0.000000,0.000000,1.000,0.000,0.000,0.000,0.000,0.000000,0.000,0,0.000000,0.000000,0.000000,0.000000,0.000000,0,110.000,0.000,0.000,0.000,inf,0.000000,0.000000,0.000000,110.000,0.000000,coast,0.600000,0.000
66,ai,38.920,0.000000,81.283,-0.159091,0.000000,0.000000,0.000000,1.000,0.000,0.000,0.000,0.000,0.000000,0.000,0,0.000000,0.000000,0.000000,0.000000,0.000000,0,110.000,0.000,0.000,0.000,inf,0.000000,0.000000,0.000000,110.000,0.000000,coast,0.600000,0.000
67,ai,39.597,0.000000,79.573,-0.155629,0.000000,0.000000,0.000000,1.000,0.000,0.000,0.000,0.000,0.000000,0.000,0,0.000000,0.000000,0.000000,0.000000,0.000000,0,110.000,0.000,0.000,0.000,inf,0.000000,0.000000,0.000000,110.000,0.000000,coast,0.600000,0.000
68,ai,40.351,0.000000,77.542,-0.151628,0.000000,0.000000,0.000000,1.000,0.000,0.000,0.000,0.000,0.000000,0.000,0,0.000000,0.000000,0.000000,0.000000,0.000000,0,110.000,0.000,0.000,0.000,inf,0.000000,0.000000,0.000000,110.000,0.000000,coast,0.600000,0.000
69,ai,41.035,0.000000,75.200,-0.147035,0.000000,0.000000,0.000000,1.000,0.000,0.000,0.000,0.000,0.000000,0.000,0,0.000000,0.000000,0.000000,0.000000,0.000000,0,110.000,0.000,0.000,0.000,inf,0.000000,0.000000,0.000000,110.000,0.000000,coast,0.600000,0.000
70,ai,41.671,0.000000,72.630,-0.141832,0.000000,0.000000,0.000000,1.000,0.000,0.000,0.000,0.000,0.000000,0.000,0,0.000000,0.000000,0.000000,0.000000,0.000000,0,110.000,0.000,0.000,0.000,inf,0.000000,0.000000,0.000000,110.000,0.000000,coast,0.600000,0.000
71,ai,42.187,0.000000,69.806,-0.136326,0.000000,0.000000,0.000000,1.000,0.000,0.000,0.000,0.000,0.000000,0.000,0,0.000000,0.000000,0.000000,0.000000,0.000000,0,110.000,0.000,0.000,0.000,inf,0.000000,0.000000,0.000000,110.000,0.000000,coast,0.600000,0.000
72,ai,42.877,0.000000,66.820,-0.130359,0.000000,0.000000,0.000000,1.000,0.000,0.000,0.000,0.000,0.000000,0.000,0,0.000000,0.000000,0.000000,0.000000,0.000000,0,110.000,0.000,0.000,0.000,inf,0.000000,0.000000,0.000000,110.000,0.000000,coast,0.600000,0.000
73,ai,43.612,0.000000,63.590,-0.124079,0.000000,0.000000,0.000000,1.000,0.000,0.000,0.000,0.000,0.000000,0.000,0,0.000000,0.000000,0.000000,0.000000,0.000000,0,110.000,0.000,0.000,0.000,inf,0.000000,0.000000,0.000000,110.000,0.000000,coast,0.600000,0.000
74,ai,44.399,0.000000,60.523,-0.118045,0.000000,0.000000,0.000000,1.000,0.000,0.000,0.000,0.000,0.000000,0.000,0,0.000000,0.000000,0.000000,0.000000,0.000000,0,110.000,0.000,0.000,0.000,inf,0.000000,0.000000,0.000000,110.000,0.000000,coast,0.600000,0.000
75,ai,44.899,0.000000,57.600,-0.112423,0.000000,0.000000,0.000000,1.000,0.000,0.000,0.000,0.000,0.000000,0.000,0,0.000000,0.000000,0.000000,0.000000,0.000000,0,110.000,0.000,0.000,0.000,inf,0.000000,0.000000,0.000000,110.000,0.000000,coast,0.600000,0.000
76,ai,45.660,0.000000,54.902,-0.107150,0.000000,0.000000,0.000000,1.000,0.000,0.000,0.000,0.000,0.000000,0.000,0,0.000000,0.000000,0.000000,0.000000,0.000000,0,110.000,0.000,0.000,0.000,inf,0.000000,0.000000,0.000000,110.000,0.000000,coast,0.600000,0.000
77,ai,46.441,0.000000,52.440,-0.102380,0.000000,0.000000,0.000000,1.000,0.000,0.000,0.000,0.000,0.000000,0.000,0,0.000000,0.000000,0.000000,0.000000,0.000000,0,110.000,0.000,0.000,0.000,inf,0.000000,0.000000,0.000000,110.000,0.000000,coast,0.600000,0.000
78,ai,47.023,0.000000,50.109,-0.097742,0.000000,0.000000,0.000000,1.000,0.000,0.000,0.000,0.000,0.000000,0.000,0,0.000000,0.000000,0.000000,0.000000,0.000000,0,110.000,0.000,0.000,0.000,inf,0.000000,0.000000,0.000000,110.000,0.000000,coast,0.600000,0.000
79,ai,47.608,0.000000,47.817,-0.093291,0.000000,0.000000,0.000000,1.000,0.000,0.000,0.000,0.000,0.000000,0.000,0,0.000000,0.000000,0.000000,0.000000,0.000000,0,110.000,0.000,0.000,0.000,inf,0.000000,0.000000,0.000000,110.000,0.000000,coast,0.600000,0.000
80,ai,48.159,0.000000,45.634,-0.089096,0.000000,0.000000,0.000000,1.000,0.000,0.000,0.000,0.000,0.000000,0.000,0,0.000000,0.000000,0.000000,0.000000,0.000000,0,110.000,0.000,0.000,0.000,inf,0.000000,0.000000,0.000000,110.000,0.000000,coast,0.600000,0.000
81,ai,48.712,0.000000,43.664,-0.085200,0.000000,0.000000,0.000000,1.000,0.000,0.000,0.000,0.000,0.000000,0.000,0,0.000000,0.000000,0.000000,0.000000,0.000000,0,110.000,0.000,0.000,0.000,inf,0.000000,0.000000,0.000000,110.000,0.000000,coast,0.600000,0.000
82,ai,49.431,0.000000,41.841,-0.081698,0.000000,0.000000,0.000000,1.000,0.000,0.000,0.000,0.000,0.000000,0.000,0,0.000000,0.000000,0.000000,0.000000,0.000000,0,110.000,0.000,0.000,0.000,inf,0.000000,0.000000,0.000000,110.000,0.000000,coast,0.600000,0.000
83,ai,50.097,0.000000,40.115,-0.078333,0.000000,0.000000,0.000000,1.000,0.000,0.000,0.000,0.000,0.000000,0.000,0,0.000000,0.000000,0.000000,0.000000,0.000000,0,110.000,0.000,0.000,0.000,inf,0.000000,0.000000,0.000000,110.000,0.000000,coast,0.600000,0.000
84,ai,50.839,0.000000,38.553,-0.075331,0.000000,0.000000,0.000000,1.000,0.000,0.000,0.000,0.000,0.000000,0.000,0,0.000000,0.000000,0.000000,0.000000,0.000000,0,110.000,0.000,0.000,0.000,inf,0.000000,0.000000,0.000000,110.000,0.000000,coast,0.600000,0.000
85,ai,51.524,0.000000,37.271,-0.072844,0.000000,0.000000,0.000000,1.000,0.000,0.000,0.000,0.000,0.000000,0.000,0,0.000000,0.000000,0.000000,0.000000,0.000000,0,110.000,0.000,0.000,0.000,inf,0.000000,0.000000,0.000000,110.000,0.000000,coast,0.600000,0.000
86,ai,52.205,0.000000,36.199,-0.070778,0.000000,0.000000,0.000000,1.000,0.000,0.000,0.000,0.000,0.000000,0.000,0,0.000000,0.000000,0.000000,0.000000,0.000000,0,110.000,0.000,0.000,0.000,inf,0.000000,0.000000,0.000000,110.000,0.000000,coast,0.600000,0.000
87,ai,52.739,0.000000,35.256,-0.068976,0.000000,0.000000,0.000000,1.000,0.000,0.000,0.000,0.000,0.000000,0.000,0,0.000000,0.000000,0.000000,0.000000,0.000000,0,110.000,0.000,0.000,0.000,inf,0.000000,0.000000,0.000000,110.000,0.000000,coast,0.600000,0.000
88,ai,53.447,0.000000,34.431,-0.067346,0.000000,0.000000,0.000000,1.000,0.000,0.000,0.000,0.000,0.000000,0.000,0,0.000000,0.000000,0.000000,0.000000,0.000000,0,110.000,0.000,0.000,0.000,inf,0.000000,0.000000,0.000000,110.000,0.000000,coast,0.600000,0.000
89,ai,54.193,0.000000,33.701,-0.065969,0.000000,0.000000,0.000000,1.000,0.000,0.000,0.000,0.000,0.000000,0.000,0,0.000000,0.000000,0.000000,0.000000,0.000000,0,110.000,0.000,0.000,0.000,inf,0.000000,0.000000,0.000000,110.000,0.000000,coast,0.600000,0.000
90,ai,54.794,0.000000,33.085,-0.064766,0.000000,0.000000,0.000000,1.000,0.000,0.000,0.000,0.000,0.000000,0.000,0,0.000000,0.000000,0.000000,0.000000,0.000000,0,110.000,0.000,0.000,0.000,inf,0.000000,0.000000,0.000000,110.000,0.000000,coast,0.600000,0.000
91,ai,55.599,0.000000,32.616,-0.063910,0.000000,0.000000,0.000000,1.000,0.000,0.000,0.000,0.000,0.000000,0.000,0,0.000000,0.000000,0.000000,0.000000,0.000000,0,110.000,0.000,0.000,0.000,inf,0.000000,0.000000,0.000000,110.000,0.000000,coast,0.600000,0.000
92,ai,56.216,0.000000,32.310,-0.063291,0.000000,0.000000,0.000000,1.000,0.000,0.000,0.000,0.000,0.000000,0.000,0,0.000000,0.000000,0.000000,0.000000,0.000000,0,110.000,0.000,0.000,0.000,inf,0.000000,0.000000,0.000000,110.000,0.000000,coast,0.600000,0.000
93,ai,56.762,0.000000,32.119,-0.062958,0.000000,0.000000,0.000000,1.000,0.000,0.000,0.000,0.000,0.000000,0.000,0,0.000000,0.000000,0.000000,0.000000,0.000000,0,110.000,0.000,0.000,0.000,inf,0.000000,0.000000,0.000000,110.000,0.000000,coast,0.600000,0.000
94,ai,57.585,0.000000,32.102,-0.062952,0.000000,0.000000,0.000000,1.000,0.000,0.000,0.000,0.000,0.000000,0.000,0,0.000000,0.000000,0.000000,0.000000,0.000000,0,110.000,0.000,0.000,0.000,inf,0.000000,0.000000,0.000000,110.000,0.000000,coast,0.600000,0.000
95,ai,58.186,0.000000,32.219,-0.063211,0.000000,0.000000,0.000000,1.000,0.000,0.000,0.000,0.000,0.000000,0.000,0,0.000000,0.000000,0.000000,0.000000,0.000000,0,110.000,0.000,0.000,0.000,inf,0.000000,0.000000,0.000000,110.000,0.000000,coast,0.600000,0.000
96,ai,58.813,0.000000,32.414,-0.063606,0.000000,0.000000,0.000000,1.000,0.000,0.000,0.000,0.000,0.000000,0.000,0,0.000000,0.000000,0.000000,0.000000,0.000000,0,110.000,0.000,0.000,0.000,inf,0.000000,0.000000,0.000000,110.000,0.000000,coast,0.600000,0.000
97,ai,59.497,0.000000,32.746,-0.064247,0.000000,0.000000,0.000000,1.000,0.000,0.000,0.000,0.000,0.000000,0.000,0,0.000000,0.000000,0.000000,0.000000,0.000000,0,110.000,0.000,0.000,0.000,inf,0.000000,0.000000,0.000000,110.000,0.000000,coast,0.600000,0.000
98,ai,60.198,0.000000,33.103,-0.064991,0.000000,0.000000,0.000000,1.000,0.000,0.000,0.000,0.000,0.000000,0.000,0,0.000000,0.000000,0.000000,0.000000,0.000000,0,110.000,0.000,0.000,0.000,inf,0.000000,0.000000,0.000000,110.000,0.000000,coast,0.600000,0.000
99,ai,60.689,0.000000,33.521,-0.065802,0.000000,0.000000,0.000000,1.000,0.000,0.000,0.000,0.000,0.000000,0.000,0,0.000000,0.000000,0.000000,0.000000,0.000000,0,110.000,0.000,0.000,0.000,inf,0.000000,0.000000,0.000000,110.000,0.000000,coast,0.600000,0.000
100,ai,61.241,0.000000,33.917,-0.066577,0.000000,0.000000,0.000000,1.000,0.000,0.000,0.000,0.000,0.000000,0.000,0,0.000000,0.000000,0.000000,0.000000,0.000000,0,110.000,0.000,0.000,0.000,inf,0.000000,0.000000,0.000000,110.000,0.000000,coast,0.600000,0.000
101,ai,61.736,0.000000,34.285,-0.067278,0.000000,0.000000,0.000000,1.000,0.000,0.000,0.000,0.000,0.000000,0.000,0,0.000000,0.000000,0.000000,0.000000,0.000000,0,110.000,0.000,0.000,0.000,inf,0.000000,0.000000,0.000000,110.000,0.000000,coast,0.600000,0.000
102,ai,62.186,0.000000,34.651,-0.068093,0.000000,0.000000,0.000000,1.000,0.000,0.000,0.000,0.000,0.000000,0.000,0,0.000000,0.000000,0.000000,0.000000,0.000000,0,110.000,0.000,0.000,0.000,inf,0.000000,0.000000,0.000000,110.000,0.000000,coast,0.600000,0.000
103,ai,62.757,0.000000,35.046,-0.068771,0.000000,0.000000,0.000000,1.000,0.000,0.000,0.000,0.000,0.000000,0.000,0,0.000000,0.000000,0.000000,0.000000,0.000000,0,110.000,0.000,0.000,0.000,inf,0.000000,0.000000,0.000000,110.000,0.000000,coast,0.600000,0.000
104,ai,63.236,0.000000,35.366,-0.069390,0.000000,0.000000,0.000000,1.000,0.000,0.000,0.000,0.000,0.000000,0.000,0,0.000000,0.000000,0.000000,0.000000,0.000000,0,110.000,0.000,0.000,0.000,inf,0.000000,0.000000,0.000000,110.000,0.000000,coast,0.600000,0.000
105,ai,63.675,0.000000,35.665,-0.069984,0.000000,0.000000,0.000000,1.000,0.000,0.000,0.000,0.000,0.000000,0.000,0,0.000000,0.000000,0.000000,0.000000,0.000000,0,110.000,0.000,0.000,0.000,inf,0.000000,0.000000,0.000000,110.000,0.000000,coast,0.600000,0.000
106,ai,64.292,0.000000,36.005,-0.070653,0.000000,0.000000,0.000000,1.000,0.000,0.000,0.000,0.000,0.000000,0.000,0,0.000000,0.000000,0.000000,0.000000,0.000000,0,110.000,0.000,0.000,0.000,inf,0.000000,0.000000,0.000000,110.000,0.000000,coast,0.600000,0.000
107,ai,64.755,0.000000,36.285,-0.071197,0.000000,0.000000,0.000000,1.000,0.000,0.000,0.000,0.000,0.000000,0.000,0,0.000000,0.000000,0.000000,0.000000,0.000000,0,110.000,0.000,0.000,0.000,inf,0.000000,0.000000,0.000000,110.000,0.000000,coast,0.600000,0.000
108,ai,65.247,0.000000,36.535,-0.071685,0.000000,0.000000,0.000000,1.000,0.000,0.000,0.000,0.000,0.000000,0.000,0,0.000000,0.000000,0.000000,0.000000,0.000000,0,110.000,0.000,0.000,0.000,inf,0.000000,0.000000,0.000000,110.000,0.000000,coast,0.600000,0.000
109,ai,65.964,0.000000,36.744,-0.072096,0.000000,0.000000,0.000000,1.000,0.000,0.000,0.000,0.000,0.000000,0.000,0,0.000000,0.000000,0.000000,0.000000,0.000000,0,110.000,0.000,0.000,0.000,inf,0.000000,0.000000,0.000000,110.000,0.000000,coast,0.600000,0.000
110,ai,66.139,0.000000,36.933,-0.072453,0.000000,0.000000,0.000000,1.000,0.000,0.000,0.000,0.000,0.000000,0.000,0,0.000000,0.000000,0.000000,0.000000,0.000000,0,110.000,0.000,0.000,0.000,inf,0.000000,0.000000,0.000000,110.000,0.000000,coast,0.600000,0.000
111,ai,66.830,0.000000,36.988,-0.072520,0.000000,0.000000,0.000000,1.000,0.000,0.000,0.000,0.000,0.000000,0.000,0,0.000000,0.000000,0.000000,0.000000,0.000000,0,110.000,0.000,0.000,0.000,inf,0.000000,0.000000,0.000000,110.000,0.000000,coast,0.600000,0.000
112,ai,67.272,0.000000,36.955,-0.072446,0.000000,0.000000,0.000000,1.000,0.000,0.000,0.000,0.000,0.000000,0.000,0,0.000000,0.000000,0.000000,0.000000,0.000000,0,110.000,0.000,0.000,0.000,inf,0.000000,0.000000,0.000000,110.000,0.000000,coast,0.600000,0.000
113,ai,67.784,0.000000,36.946,-0.072409,0.000000,0.000000,0.000000,1.000,0.000,0.000,0.000,0.000,0.000000,0.000,0,0.000000,0.000000,0.000000,0.000000,0.000000,0,110.000,0.000,0.000,0.000,inf,0.000000,0.000000,0.000000,110.000,0.000000,coast,0.600000,0.000
114,ai,68.431,0.000000,36.837,-0.072196,0.000000,0.000000,0.000000,1.000,0.000,0.000,0.000,0.000,0.000000,0.000,0,0.000000,0.000000,0.000000,0.000000,0.000000,0,110.000,0.000,0.000,0.000,inf,0.000000,0.000000,0.000000,110.000,0.000000,coast,0.600000,0.000
115,ai,68.790,0.000000,36.657,-0.071855,0.000000,0.000000,0.000000,1.000,0.000,0.000,0.000,0.000,0.000000,0.000,0,0.000000,0.000000,0.000000,0.000000,0.000000,0,110.000,0.000,0.000,0.000,inf,0.000000,0.000000,0.000000,110.000,0.000000,coast,0.600000,0.000
116,ai,69.122,0.000000,36.485,-0.071528,0.000000,0.000000,0.000000,1.000,0.000,0.000,0.000,0.000,0.000000,0.000,0,0.000000,0.000000,0.000000,0.000000,0.000000,0,110.000,0.000,0.000,0.000,inf,0.000000,0.000000,0.000000,110.000,0.000000,coast,0.600000,0.000
117,ai,70.058,0.000000,36.239,-0.071002,0.000000,0.000000,0.000000,1.000,0.000,0.000,0.000,0.000,0.000000,0.000,0,0.000000,0.000000,0.000000,0.000000,0.000000,0,110.000,0.000,0.000,0.000,inf,0.000000,0.000000,0.000000,110.000,0.000000,coast,0.600000,0.000
118,ai,70.351,0.000000,35.993,-0.070548,0.000000,0.000000,0.000000,1.000,0.000,0.000,0.000,0.000,0.000000,0.000,0,0.000000,0.000000,0.000000,0.000000,0.000000,0,110.000,0.000,0.000,0.000,inf,0.000000,0.000000,0.000000,110.000,0.000000,coast,0.600000,0.000
119,ai,71.331,0.000000,35.892,-0.070339,0.000000,0.000000,0.000000,1.000,0.000,0.000,0.000,0.000,0.000000,0.000,0,0.000000,0.000000,0.000000,0.000000,0.000000,0,110.000,0.000,0.000,0.000,inf,0.000000,0.000000,0.000000,110.000,0.000000,coast,0.600000,0.000
120,ai,72.059,0.000000,35.760,-0.070106,0.000000,0.000000,0.000000,1.000,0.000,0.000,0.000,0.000,0.000000,0.000,0,0.000000,0.000000,0.000000,0.000000,0.000000,0,110.000,0.000,0.000,0.000,inf,0.000000,0.000000,0.000000,110.000,0.000000,coast,0.600000,0.000
121,ai,72.772,0.000000,35.602,-0.069744,0.000000,0.000000,0.000000,1.000,0.000,0.000,0.000,0.000,0.000000,0.000,0,0.000000,0.000000,0.000000,0.000000,0.000000,0,110.000,0.000,0.000,0.000,inf,0.000000,0.000000,0.000000,110.000,0.000000,coast,0.600000,0.000
122,ai,73.339,0.000000,35.308,-0.069177,0.000000,0.000000,0.000000,1.000,0.000,0.000,0.000,0.000,0.000000,0.000,0,0.000000,0.000000,0.000000,0.000000,0.000000,0,110.000,0.000,0.000,0.000,inf,0.000000,0.000000,0.000000,110.000,0.000000,coast,0.600000,0.000
123,ai,73.847,0.000000,35.113,-0.068827,0.000000,0.000000,0.000000,1.000,0.000,0.000,0.000,0.000,0.000000,0.000,0,0.000000,0.000000,0.000000,0.000000,0.000000,0,110.000,0.000,0.000,0.000,inf,0.000000,0.000000,0.000000,110.000,0.000000,coast,0.600000,0.000
124,ai,74.181,0.000000,34.946,-0.068524,0.000000,0.000000,0.000000,1.000,0.000,0.000,0.000,0.000,0.000000,0.000,0,0.000000,0.000000,0.000000,0.000000,0.000000,0,110.000,0.000,0.000,0.000,inf,0.000000,0.000000,0.000000,110.000,0.000000,coast,0.600000,0.000
125,ai,74.762,0.000000,34.790,-0.068184,0.000000,0.000000,0.000000,1.000,0.000,0.000,0.000,0.000,0.000000,0.000,0,0.000000,0.000000,0.000000,0.000000,0.000000,0,110.000,0.000,0.000,0.000,inf,0.000000,0.000000,0.000000,110.000,0.000000,coast,0.600000,0.000
126,ai,75.245,0.000000,34.573,-0.067732,0.000000,0.000000,0.000000,1.000,0.000,0.000,0.000,0.000,0.000000,0.000,0,0.000000,0.000000,0.000000,0.000000,0.000000,0,110.000,0.000,0.000,0.000,inf,0.000000,0.000000,0.000000,110.000,0.000000,coast,0.600000,0.000
127,ai,75.441,0.000000,34.224,-0.067033,0.000000,0.000000,0.000000,1.000,0.000,0.000,0.000,0.000,0.000000,0.000,0,0.000000,0.000000,0.000000,0.000000,0.000000,0,110.000,0.000,0.000,0.000,inf,0.000000,0.000000,0.000000,110.000,0.000000,coast,0.600000,0.000
128,ai,76.137,0.000000,33.771,-0.066077,0.000000,0.000000,0.000000,1.000,0.000,0.000,0.000,0.000,0.000000,0.000,0,0.000000,0.000000,0.000000,0.000000,0.000000,0,110.000,0.000,0.000,0.000,inf,0.000000,0.000000,0.000000,110.000,0.000000,coast,0.600000,0.000
129,ai,76.536,0.000000,33.072,-0.064678,0.000000,0.000000,0.000000,1.000,0.000,0.000,0.000,0.000,0.000000,0.000,0,0.000000,0.000000,0.000000,0.000000,0.000000,0,110.000,0.000,0.000,0.000,inf,0.000000,0.000000,0.000000,110.000,0.000000,coast,0.600000,0.000
130,ai,76.952,0.000000,32.228,-0.063018,0.000000,0.000000,0.000000,1.000,0.000,0.000,0.000,0.000,0.000000,0.000,0,0.000000,0.000000,0.000000,0.000000,0.000000,0,110.000,0.000,0.000,0.000,inf,0.000000,0.000000,0.000000,110.000,0.000000,coast,0.600000,0.000
131,ai,77.185,0.000000,31.264,-0.061101,0.000000,0.000000,0.000000,1.000,0.000,0.000,0.000,0.000,0.000000,0.000,0,0.000000,0.000000,0.000000,0.000000,0.000000,0,110.000,0.000,0.000,0.000,inf,0.000000,0.000000,0.000000,110.000,0.000000,coast,0.600000,0.000
132,ai,77.742,0.000000,30.218,-0.059069,0.000000,0.000000,0.000000,1.000,0.000,0.000,0.000,0.000,0.000000,0.000,0,0.000000,0.000000,0.000000,0.000000,0.000000,0,110.000,0.000,0.000,0.000,inf,0.000000,0.000000,0.000000,110.000,0.000000,coast,0.600000,0.000
133,ai,78.319,0.000000,29.083,-0.056794,0.000000,0.000000,0.000000,1.000,0.000,0.000,0.000,0.000,0.000000,0.000,0,0.000000,0.000000,0.000000,0.000000,0.000000,0,110.000,0.000,0.000,0.000,inf,0.000000,0.000000,0.000000,110.000,0.000000,coast,0.600000,0.000
134,ai,79.147,0.000000,27.712,-0.054076,0.000000,0.000000,0.000000,1.000,0.000,0.000,0.000,0.000,0.000000,0.000,0,0.000000,0.000000,0.000000,0.000000,0.000000,0,110.000,0.000,0.000,0.000,inf,0.000000,0.000000,0.000000,110.000,0.000000,coast,0.600000,0.000
135,ai,79.616,0.000000,26.127,-0.050918,0.000000,0.000000,0.000000,1.000,0.000,0.000,0.000,0.000,0.000000,0.000,0,0.000000,0.000000,0.000000,0.000000,0.000000,0,110.000,0.000,0.000,0.000,inf,0.000000,0.000000,0.000000,110.000,0.000000,coast,0.600000,0.000
136,ai,80.125,0.000000,24.443,-0.047607,0.000000,0.000000,0.000000,1.000,0.000,0.000,0.000,0.000,0.000000,0.000,0,0.000000,0.000000,0.000000,0.000000,0.000000,0,110.000,0.000,0.000,0.000,inf,0.000000,0.000000,0.000000,110.000,0.000000,coast,0.600000,0.000
137,ai,80.912,0.000000,22.754,-0.044295,0.000000,0.000000,0.000000,1.000,0.000,0.000,0.000,0.000,0.000000,0.000,0,0.000000,0.000000,0.000000,0.000000,0.000000,0,110.000,0.000,0.000,0.000,inf,0.000000,0.000000,0.000000,110.000,0.000000,coast,0.600000,0.000
138,ai,81.344,0.000000,20.983,-0.040764,0.000000,0.000000,0.000000,1.000,0.000,0.000,0.000,0.000,0.000000,0.000,0,0.000000,0.000000,0.000000,0.000000,0.000000,0,110.000,0.000,0.000,0.000,inf,0.000000,0.000000,0.000000,110.000,0.000000,coast,0.600000,0.000
139,ai,81.847,0.000000,19.047,-0.036960,0.000000,0.000000,0.000000,1.000,0.000,0.000,0.000,0.000,0.000000,0.000,0,0.000000,0.000000,0.000000,0.000000,0.000000,0,110.000,0.000,0.000,0.000,inf,0.000000,0.000000,0.000000,110.000,0.000000,coast,0.600000,0.000
140,ai,82.530,0.000000,17.183,-0.033347,0.000000,0.000000,0.000000,1.000,0.000,0.000,0.000,0.000,0.000000,0.000,0,0.000000,0.000000,0.000000,0.000000,0.000000,0,110.000,0.000,0.000,0.000,inf,0.000000,0.000000,0.000000,110.000,0.000000,coast,0.600000,0.000
141,ai,83.164,0.000000,15.573,-0.030210,0.000000,0.000000,0.000000,1.000,0.000,0.000,0.000,0.000,0.000000,0.000,0,0.000000,0.000000,0.000000,0.000000,0.000000,0,110.000,0.000,0.000,0.000,inf,0.000000,0.000000,0.000000,110.000,0.000000,coast,0.600000,0.000
142,ai,83.494,0.000000,14.108,-0.027415,0.000000,0.000000,0.000000,1.000,0.000,0.000,0.000,0.000,0.000000,0.000,0,0.000000,0.000000,0.000000,0.000000,0.000000,0,110.000,0.000,0.000,0.000,inf,0.000000,0.000000,0.000000,110.000,0.000000,coast,0.600000,0.000
143,ai,84.054,0.000000,12.945,-0.025190,0.000000,0.000000,0.000000,1.000,0.000,0.000,0.000,0.000,0.000000,0.000,0,0.000000,0.000000,0.000000,0.000000,0.000000,0,110.000,0.000,0.000,0.000,inf,0.000000,0.000000,0.000000,110.000,0.000000,coast,0.600000,0.000
144,ai,84.389,0.000000,11.909,-0.023163,0.000000,0.000000,0.000000,1.000,0.000,0.000,0.000,0.000,0.000000,0.000,0,0.000000,0.000000,0.000000,0.000000,0.000000,0,110.000,0.000,0.000,0.000,inf,0.000000,0.000000,0.000000,110.000,0.000000,coast,0.600000,0.000
145,ai,84.924,0.000000,10.913,-0.021203,0.000000,0.000000,0.000000,1.000,0.000,0.000,0.000,0.000,0.000000,0.000,0,0.000000,0.000000,0.000000,0.000000,0.000000,0,110.000,0.000,0.000,0.000,inf,0.000000,0.000000,0.000000,110.000,0.000000,coast,0.600000,0.000
146,ai,85.219,0.000000,9.995,-0.019425,0.000000,0.000000,0.000000,1.000,0.000,0.000,0.000,0.000,0.000000,0.000,0,0.000000,0.000000,0.000000,0.000000,0.000000,0,110.000,0.000,0.000,0.000,inf,0.000000,0.000000,0.000000,110.000,0.000000,coast,0.600000,0.000
147,ai,85.617,0.000000,9.030,-0.017529,0.000000,0.000000,0.000000,1.000,0.000,0.000,0.000,0.000,0.000000,0.000,0,0.000000,0.000000,0.000000,0.000000,0.000000,0,110.000,0.000,0.000,0.000,inf,0.000000,0.000000,0.000000,110.000,0.000000,coast,0.600000,0.000
148,ai,86.050,0.000000,8.108,-0.015736,0.000000,0.000000,0.000000,1.000,0.000,0.000,0.000,0.000,0.000000,0.000,0,0.000000,0.000000,0.000000,0.000000,0.000000,0,110.000,0.000,0.000,0.000,inf,0.000000,0.000000,0.000000,110.000,0.000000,coast,0.600000,0.000
149,ai,86.413,0.000000,7.202,-0.013946,0.000000,0.000000,0.000000,1.000,0.000,0.000,0.000,0.000,0.000000,0.000,0,0.000000,0.000000,0.000000,0.000000,0.000000,0,110.000,0.000,0.000,0.000,inf,0.000000,0.000000,0.000000,110.000,0.000000,coast,0.600000,0.000
150,ai,86.733,0.000000,6.365,-0.012326,0.000000,0.000000,0.000000,1.000,0.000,0.000,0.000,0.000,0.000000,0.000,0,0.000000,0.000000,0.000000,0.000000,0.000000,0,110.000,0.000,0.000,0.000,inf,0.000000,0.000000,0.000000,110.000,0.000000,coast,0.600000,0.000
151,ai,87.220,0.000000,5.606,-0.010864,0.000000,0.000000,0.000000,1.000,0.000,0.000,0.000,0.000,0.000000,0.000,0,0.000000,0.000000,0.000000,0.000000,0.000000,0,110.000,0.000,0.000,0.000,inf,0.000000,0.000000,0.000000,110.000,0.000000,coast,0.600000,0.000
152,ai,87.531,0.000000,4.918,-0.009525,0.000000,0.000000,0.000000,1.000,0.000,0.000,0.000,0.000,0.000000,0.000,0,0.000000,0.000000,0.000000,0.000000,0.000000,0,110.000,0.000,0.000,0.000,inf,0.000000,0.000000,0.000000,110.000,0.000000,coast,0.600000,0.000
153,ai,87.854,0.000000,4.290,-0.008314,0.000000,0.000000,0.000000,1.000,0.000,0.000,0.000,0.000,0.000000,0.000,0,0.000000,0.000000,0.000000,0.000000,0.000000,0,110.000,0.000,0.000,0.000,inf,0.000000,0.000000,0.000000,110.000,0.000000,coast,0.600000,0.000
154,ai,88.306,0.000000,3.819,-0.007405,0.000000,0.000000,0.000000,1.000,0.000,0.000,0.000,0.000,0.000000,0.000,0,0.000000,0.000000,0.000000,0.000000,0.000000,0,110.000,0.000,0.000,0.000,inf,0.000000,0.000000,0.000000,110.000,0.000000,coast,0.600000,0.000
155,ai,88.671,0.000000,3.436,-0.006659,0.000000,0.000000,0.000000,1.000,0.000,0.000,0.000,0.000,0.000000,0.000,0,0.000000,0.000000,0.000000,0.000000,0.000000,0,110.000,0.000,0.000,0.000,inf,0.000000,0.000000,0.000000,110.000,0.000000,coast,0.600000,0.000
156,ai,88.997,0.000000,3.082,-0.005983,0.000000,0.000000,0.000000,1.000,0.000,0.000,0.000,0.000,0.000000,0.000,0,0.000000,0.000000,0.000000,0.000000,0.000000,0,110.000,0.000,0.000,0.000,inf,0.000000,0.000000,0.000000,110.000,0.000000,coast,0.600000,0.000
157,ai,89.529,0.000000,2.781,-0.005402,0.000000,0.000000,0.000000,1.000,0.000,0.000,0.000,0.000,0.000000,0.000,0,0.000000,0.000000,0.000000,0.000000,0.000000,0,110.000,0.000,0.000,0.000,inf,0.000000,0.000000,0.000000,110.000,0.000000,coast,0.600000,0.000
158,ai,89.990,0.000000,2.592,-0.005046,0.000000,0.000000,0.000000,1.000,0.000,0.000,0.000,0.000,0.000000,0.000,0,0.000000,0.000000,0.000000,0.000000,0.000000,0,110.000,0.000,0.000,0.000,inf,0.000000,0.000000,0.000000,110.000,0.000000,coast,0.600000,0.000
159,ai,90.313,0.000000,2.424,-0.004732,0.000000,0.000000,0.000000,1.000,0.000,0.000,0.000,0.000,0.000000,0.000,0,0.000000,0.000000,0.000000,0.000000,0.000000,0,110.000,0.000,0.000,0.000,inf,0.000000,0.000000,0.000000,110.000,0.000000,coast,0.600000,0.000
160,ai,90.669,0.000000,2.250,-0.004379,0.000000,0.000000,0.000000,1.000,0.000,0.000,0.000,0.000,0.000000,0.000,0,0.000000,0.000000,0.000000,0.000000,0.000000,0,110.000,0.000,0.000,0.000,inf,0.000000,0.000000,0.000000,110.000,0.000000,coast,0.600000,0.000
161,ai,91.085,0.000000,2.033,-0.003949,0.000000,0.000000,0.000000,1.000,0.000,0.000,0.000,0.000,0.000000,0.000,0,0.000000,0.000000,0.000000,0.000000,0.000000,0,110.000,0.000,0.000,0.000,inf,0.000000,0.000000,0.000000,110.000,0.000000,coast,0.600000,0.000
162,ai,91.444,0.000000,1.867,-0.003627,0.000000,0.000000,0.000000,1.000,0.000,0.000,0.000,0.000,0.000000,0.000,0,0.000000,0.000000,0.000000,0.000000,0.000000,0,110.000,0.000,0.000,0.000,inf,0.000000,0.000000,0.000000,110.000,0.000000,coast,0.600000,0.000
163,ai,91.810,0.000000,1.721,-0.003349,0.000000,0.000000,0.000000,1.000,0.000,0.000,0.000,0.000,0.000000,0.000,0,0.000000,0.000000,0.000000,0.000000,0.000000,0,110.000,0.000,0.000,0.000,inf,0.000000,0.000000,0.000000,110.000,0.000000,coast,0.600000,0.000
164,ai,92.331,0.000000,1.571,-0.003047,0.000000,0.000000,0.000000,1.000,0.000,0.000,0.000,0.000,0.000000,0.000,0,0.000000,0.000000,0.000000,0.000000,0.000000,0,110.000,0.000,0.000,0.000,inf,0.000000,0.000000,0.000000,110.000,0.000000,coast,0.600000,0.000
165,ai,92.519,0.000000,1.435,-0.002783,0.000000,0.000000,0.000000,1.000,0.000,0.000,0.000,0.000,0.000000,0.000,0,0.000000,0.000000,0.000000,0.000000,0.000000,0,110.000,0.000,0.000,0.000,inf,0.000000,0.000000,0.000000,110.000,0.000000,coast,0.600000,0.000
166,ai,92.850,0.000000,1.263,-0.002434,0.000000,0.000000,0.000000,1.000,0.000,0.000,0.000,0.000,0.000000,0.000,0,0.000000,0.000000,0.000000,0.000000,0.000000,0,110.000,0.000,0.000,0.000,inf,0.000000,0.000000,0.000000,110.000,0.000000,coast,0.600000,0.000
167,ai,93.298,0.000000,1.045,-0.002010,0.000000,0.000000,0.000000,1.000,0.000,0.000,0.000,0.000,0.000000,0.000,0,0.000000,0.000000,0.000000,0.000000,0.000000,0,110.000,0.000,0.000,0.000,inf,0.000000,0.000000,0.000000,110.000,0.000000,coast,0.600000,0.000
168,ai,93.612,0.000000,0.818,-0.001567,0.000000,0.000000,0.000000,1.000,0.000,0.000,0.000,0.000,0.000000,0.000,0,0.000000,0.000000,0.000000,0.000000,0.000000,0,110.000,0.000,0.000,0.000,inf,0.000000,0.000000,0.000000,110.000,0.000000,coast,0.600000,0.000
169,ai,94.066,0.000000,0.600,-0.001141,0.000000,0.000000,0.000000,1.000,0.000,0.000,0.000,0.000,0.000000,0.000,0,0.000000,0.000000,0.000000,0.000000,0.000000,0,110.000,0.000,0.000,0.000,inf,0.000000,0.000000,0.000000,110.000,0.000000,coast,0.600000,0.000
170,ai,94.509,0.000000,0.408,-0.000775,0.000000,0.000000,0.000000,1.000,0.000,0.000,0.000,0.000,0.000000,0.000,0,0.000000,0.000000,0.000000,0.000000,0.000000,0,110.000,0.000,0.000,0.000,inf,0.000000,0.000000,0.000000,110.000,0.000000,coast,0.600000,0.000
171,ai,94.819,0.000000,0.283,-0.000539,0.000000,0.000000,0.000000,1.000,0.000,0.000,0.000,0.000,0.000000,0.000,0,0.000000,0.000000,0.000000,0.000000,0.000000,0,110.000,0.000,0.000,0.000,inf,0.000000,0.000000,0.000000,110.000,0.000000,coast,0.600000,0.000
172,ai,94.978,0.000000,0.171,-0.000320,0.000000,0.000000,0.000000,1.000,0.000,0.000,0.000,0.000,0.000000,0.000,0,0.000000,0.000000,0.000000,0.000000,0.000000,0,110.000,0.000,0.000,0.000,inf,0.000000,0.000000,0.000000,110.000,0.000000,coast,0.600000,0.000
173,ai,95.430,0.000000,0.091,-0.000156,0.000000,0.000000,0.000000,1.000,0.000,0.000,0.000,0.000,0.000000,0.000,0,0.000000,0.000000,0.000000,0.000000,0.000000,0,110.000,0.000,0.000,0.000,inf,0.000000,0.000000,0.000000,110.000,0.000000,coast,0.600000,0.000
174,ai,95.552,0.000000,-0.055,0.000137,0.000000,0.000000,0.000000,1.000,0.000,0.000,0.000,0.000,0.000000,0.000,0,0.000000,0.000000,0.000000,0.000000,0.000000,0,110.000,0.000,0.000,0.000,inf,0.000000,0.000000,0.000000,110.000,0.000000,coast,0.600000,0.000
175,ai,95.648,0.000000,-0.247,0.000517,0.000000,0.000000,0.000000,1.000,0.000,0.000,0.000,0.000,0.000000,0.000,0,0.000000,0.000000,0.000000,0.000000,0.000000,0,110.000,0.000,0.000,0.000,inf,0.000000,0.000000,0.000000,110.000,0.000000,coast,0.600000,0.000
176,ai,95.765,0.000000,-0.427,0.000876,0.000000,0.000000,0.000000,1.000,0.000,0.000,0.000,0.000,0.000000,0.000,0,0.000000,0.000000,0.000000,0.000000,0.000000,0,110.000,0.000,0.000,0.000,inf,0.000000,0.000000,0.000000,110.000,0.000000,coast,0.600000,0.000
177,ai,95.813,0.000000,-0.594,0.001187,0.000000,0.000000,0.000000,1.000,0.000,0.000,0.000,0.000,0.000000,0.000,0,0.000000,0.000000,0.000000,0.000000,0.000000,0,110.000,0.000,0.000,0.000,inf,0.000000,0.000000,0.000000,110.000,0.000000,coast,0.600000,0.000
178,ai,95.980,0.000000,-0.717,0.001436,0.000000,0.000000,0.000000,1.000,0.000,0.000,0.000,0.000,0.000000,0.000,0,0.000000,0.000000,0.000000,0.000000,0.000000,0,110.000,0.000,0.000,0.000,inf,0.000000,0.000000,0.000000,110.000,0.000000,coast,0.600000,0.000
179,ai,95.945,0.000000,-0.821,0.001626,0.000000,0.000000,0.000000,1.000,0.000,0.000,0.000,0.000,0.000000,0.000,0,0.000000,0.000000,0.000000,0.000000,0.000000,0,110.000,0.000,0.000,0.000,inf,0.000000,0.000000,0.000000,110.000,0.000000,coast,0.600000,0.000
180,ai,96.084,0.000000,-0.896,0.001766,0.000000,0.000000,0.000000,1.000,0.000,0.000,0.000,0.000,0.000000,0.000,0,0.000000,0.000000,0.000000,0.000000,0.000000,0,110.000,0.000,0.000,0.000,inf,0.000000,0.000000,0.000000,110.000,0.000000,coast,0.600000,0.000
181,ai,96.211,0.000000,-0.940,0.001847,0.000000,0.000000,0.000000,1.000,0.000,0.000,0.000,0.000,0.000000,0.000,0,0.000000,0.000000,0.000000,0.000000,0.000000,0,110.000,0.000,0.000,0.000,inf,0.000000,0.000000,0.000000,110.000,0.000000,coast,0.600000,0.000
182,ai,96.562,0.000000,-0.972,0.001932,0.000000,0.000000,0.000000,1.000,0.000,0.000,0.000,0.000,0.000000,0.000,0,0.000000,0.000000,0.000000,0.000000,0.000000,0,110.000,0.000,0.000,0.000,inf,0.000000,0.000000,0.000000,110.000,0.000000,coast,0.600000,0.000
183,ai,96.368,0.000000,-1.016,0.001998,0.000000,0.000000,0.000000,1.000,0.000,0.000,0.000,0.000,0.000000,0.000,0,0.000000,0.000000,0.000000,0.000000,0.000000,0,110.000,0.000,0.000,0.000,inf,0.000000,0.000000,0.000000,110.000,0.000000,coast,0.600000,0.000
184,ai,96.544,0.000000,-1.070,0.002097,0.000000,0.000000,0.000000,1.000,0.000,0.000,0.000,0.000,0.000000,0.000,0,0.000000,0.000000,0.000000,0.000000,0.000000,0,110.000,0.000,0.000,0.000,inf,0.000000,0.000000,0.000000,110.000,0.000000,coast,0.600000,0.000
185,ai,96.548,0.000000,-1.128,0.002231,0.000000,0.000000,0.000000,1.000,0.000,0.000,0.000,0.000,0.000000,0.000,0,0.000000,0.000000,0.000000,0.000000,0.000000,0,110.000,0.000,0.000,0.000,inf,0.000000,0.000000,0.000000,110.000,0.000000,coast,0.600000,0.000
186,ai,96.601,0.000000,-1.203,0.002375,0.000000,0.000000,0.000000,1.000,0.000,0.000,0.000,0.000,0.000000,0.000,0,0.000000,0.000000,0.000000,0.000000,0.000000,0,110.000,0.000,0.000,0.000,inf,0.000000,0.000000,0.000000,110.000,0.000000,coast,0.600000,0.000
187,ai,96.562,0.000000,-1.254,0.002473,0.000000,0.000000,0.000000,1.000,0.000,0.000,0.000,0.000,0.000000,0.000,0,0.000000,0.000000,0.000000,0.000000,0.000000,0,110.000,0.000,0.000,0.000,inf,0.000000,0.000000,0.000000,110.000,0.000000,coast,0.600000,0.000
188,ai,96.663,0.000000,-1.313,0.002581,0.000000,0.000000,0.000000,1.000,0.000,0.000,0.000,0.000,0.000000,0.000,0,0.000000,0.000000,0.000000,0.000000,0.000000,0,110.000,0.000,0.000,0.000,inf,0.000000,0.000000,0.000000,110.000,0.000000,coast,0.600000,0.000
189,ai,96.755,0.000000,-1.367,0.002708,0.000000,0.000000,0.000000,1.000,0.000,0.000,0.000,0.000,0.000000,0.000,0,0.000000,0.000000,0.000000,0.000000,0.000000,0,110.000,0.000,0.000,0.000,inf,0.000000,0.000000,0.000000,110.000,0.000000,coast,0.600000,0.000
190,ai,96.794,0.000000,-1.469,0.002899,0.000000,0.000000,0.000000,1.000,0.000,0.000,0.000,0.000,0.000000,0.000,0,0.000000,0.000000,0.000000,0.000000,0.000000,0,110.000,0.000,0.000,0.000,inf,0.000000,0.000000,0.000000,110.000,0.000000,coast,0.600000,0.000
191,ai,96.825,0.000000,-1.563,0.003077,0.000000,0.000000,0.000000,1.000,0.000,0.000,0.000,0.000,0.000000,0.000,0,0.000000,0.000000,0.000000,0.000000,0.000000,0,110.000,0.000,0.000,0.000,inf,0.000000,0.000000,0.000000,110.000,0.000000,coast,0.600000,0.000
192,ai,96.910,0.000000,-1.627,0.003207,0.000000,0.000000,0.000000,1.000,0.000,0.000,0.000,0.000,0.000000,0.000,0,0.000000,0.000000,0.000000,0.000000,0.000000,0,110.000,0.000,0.000,0.000,inf,0.000000,0.000000,0.000000,110.000,0.000000,coast,0.600000,0.000
193,ai,96.824,0.000000,-1.709,0.003375,0.000000,0.000000,0.000000,1.000,0.000,0.000,0.000,0.000,0.000000,0.000,0,0.000000,0.000000,0.000000,0.000000,0.000000,0,110.000,0.000,0.000,0.000,inf,0.000000,0.000000,0.000000,110.000,0.000000,coast,0.600000,0.000
194,ai,96.764,0.000000,-1.795,0.003532,0.000000,0.000000,0.000000,1.000,0.000,0.000,0.000,0.000,0.000000,0.000,0,0.000000,0.000000,0.000000,0.000000,0.000000,0,110.000,0.000,0.000,0.000,inf,0.000000,0.000000,0.000000,110.000,0.000000,coast,0.600000,0.000
195,ai,96.761,0.000000,-1.830,0.003594,0.000000,0.000000,0.000000,1.000,0.000,0.000,0.000,0.000,0.000000,0.000,0,0.000000,0.000000,0.000000,0.000000,0.000000,0,110.000,0.000,0.000,0.000,inf,0.000000,0.000000,0.000000,110.000,0.000000,coast,0.600000,0.000
196,ai,96.717,0.000000,-1.824,0.003581,0.000000,0.000000,0.000000,1.000,0.000,0.000,0.000,0.000,0.000000,0.000,0,0.000000,0.000000,0.000000,0.000000,0.000000,0,110.000,0.000,0.000,0.000,inf,0.000000,0.000000,0.000000,110.000,0.000000,coast,0.600000,0.000
197,ai,96.839,0.000000,-1.845,0.003626,0.000000,0.000000,0.000000,1.000,0.000,0.000,0.000,0.000,0.000000,0.000,0,0.000000,0.000000,0.000000,0.000000,0.000000,0,110.000,0.000,0.000,0.000,inf,0.000000,0.000000,0.000000,110.000,0.000000,coast,0.600000,0.000
198,ai,96.701,0.000000,-1.846,0.003612,0.000000,0.000000,0.000000,1.000,0.000,0.000,0.000,0.000,0.000000,0.000,0,0.000000,0.000000,0.000000,0.000000,0.000000,0,110.000,0.000,0.000,0.000,inf,0.000000,0.000000,0.000000,110.000,0.000000,coast,0.600000,0.000
199,ai,96.604,0.000000,-1.808,0.003524,0.000000,0.000000,0.000000,1.000,0.000,0.000,0.000,0.000,0.000000,0.000,0,0.000000,0.000000,0.000000,0.000000,0.000000,0,110.000,0.000,0.000,0.000,inf,0.000000,0.000000,0.000000,110.000,0.000000,coast,0.600000,0.000
200,ai,96.892,0.000000,-1.755,0.003441,0.000000,0.000000,0.000000,1.000,0.000,0.000,0.000,0.000,0.000000,0.000,0,0.000000,0.000000,0.000000,0.000000,0.000000,0,110.000,0.000,0.000,0.000,inf,0.000000,0.000000,0.000000,110.000,0.000000,coast,0.600000,0.000
201,ai,96.924,0.000000,-1.696,0.003322,0.000000,0.000000,0.000000,1.000,0.000,0.000,0.000,0.000,0.000000,0.000,0,0.000000,0.000000,0.000000,0.000000,0.000000,0,110.000,0.000,0.000,0.000,inf,0.000000,0.000000,0.000000,110.000,0.000000,coast,0.600000,0.000
202,ai,96.844,0.000000,-1.649,0.003224,0.000000,0.000000,0.000000,1.000,0.000,0.000,0.000,0.000,0.000000,0.000,0,0.000000,0.000000,0.000000,0.000000,0.000000,0,110.000,0.000,0.000,0.000,inf,0.000000,0.000000,0.000000,110.000,0.000000,coast,0.600000,0.000
203,ai,96.923,0.000000,-1.607,0.003139,0.000000,0.000000,0.000000,1.000,0.000,0.000,0.000,0.000,0.000000,0.000,0,0.000000,0.000000,0.000000,0.000000,0.000000,0,110.000,0.000,0.000,0.000,inf,0.000000,0.000000,0.000000,110.000,0.000000,coast,0.600000,0.000
204,ai,96.917,0.000000,-1.569,0.003074,0.000000,0.000000,0.000000,1.000,0.000,0.000,0.000,0.000,0.000000,0.000,0,0.000000,0.000000,0.000000,0.000000,0.000000,0,110.000,0.000,0.000,0.000,inf,0.000000,0.000000,0.000000,110.000,0.000000,coast,0.600000,0.000
205,ai,96.730,0.000000,-1.565,0.003052,0.000000,0.000000,0.000000,1.000,0.000,0.000,0.000,0.000,0.000000,0.000,0,0.000000,0.000000,0.000000,0.000000,0.000000,0,110.000,0.000,0.000,0.000,inf,0.000000,0.000000,0.000000,110.000,0.000000,coast,0.600000,0.000
206,ai,96.922,0.000000,-1.556,0.003047,0.000000,0.000000,0.000000,1.000,0.000,0.000,0.000,0.000,0.000000,0.000,0,0.000000,0.000000,0.000000,0.000000,0.000000,0,110.000,0.000,0.000,0.000,inf,0.000000,0.000000,0.000000,110.000,0.000000,coast,0.600000,0.000
207,ai,96.905,0.000000,-1.539,0.003016,0.000000,0.000000,0.000000,1.000,0.000,0.000,0.000,0.000,0.000000,0.000,0,0.000000,0.000000,0.000000,0.000000,0.000000,0,110.000,0.000,0.000,0.000,inf,0.000000,0.000000,0.000000,110.000,0.000000,coast,0.600000,0.000
208,ai,96.851,0.000000,-1.546,0.003036,0.000000,0.000000,0.000000,1.000,0.000,0.000,0.000,0.000,0.000000,0.000,0,0.000000,0.000000,0.000000,0.000000,0.000000,0,110.000,0.000,0.000,0.000,inf,0.000000,0.000000,0.000000,110.000,0.000000,coast,0.600000,0.000
209,ai,96.749,0.000000,-1.553,0.003037,0.000000,0.000000,0.000000,1.000,0.000,0.000,0.000,0.000,0.000000,0.000,0,0.000000,0.000000,0.000000,0.000000,0.000000,0,110.000,0.000,0.000,0.000,inf,0.000000,0.000000,0.000000,110.000,0.000000,coast,0.600000,0.000
210,ai,96.815,0.000000,-1.523,0.002977,0.000000,0.000000,0.000000,1.000,0.000,0.000,0.000,0.000,0.000000,0.000,0,0.000000,0.000000,0.000000,0.000000,0.000000,0,110.000,0.000,0.000,0.000,inf,0.000000,0.000000,0.000000,110.000,0.000000,coast,0.600000,0.000
211,ai,96.699,0.000000,-1.504,0.002941,0.000000,0.000000,0.000000,1.000,0.000,0.000,0.000,0.000,0.000000,0.000,0,0.000000,0.000000,0.000000,0.000000,0.000000,0,110.000,0.000,0.000,0.000,inf,0.000000,0.000000,0.000000,110.000,0.000000,coast,0.600000,0.000
212,ai,96.827,0.000000,-1.531,0.003016,0.000000,0.000000,0.000000,1.000,0.000,0.000,0.000,0.000,0.000000,0.000,0,0.000000,0.000000,0.000000,0.000000,0.000000,0,110.000,0.000,0.000,0.000,inf,0.000000,0.000000,0.000000,110.000,0.000000,coast,0.600000,0.000
213,ai,96.616,0.000000,-1.545,0.003029,0.000000,0.000000,0.000000,1.000,0.000,0.000,0.000,0.000,0.000000,0.000,0,0.000000,0.000000,0.000000,0.000000,0.000000,0,110.000,0.000,0.000,0.000,inf,0.000000,0.000000,0.000000,110.000,0.000000,coast,0.600000,0.000
214,ai,96.716,0.000000,-1.497,0.002916,0.000000,0.000000,0.000000,1.000,0.000,0.000,0.000,0.000,0.000000,0.000,0,0.000000,0.000000,0.000000,0.000000,0.000000,0,110.000,0.000,0.000,0.000,inf,0.000000,0.000000,0.000000,110.000,0.000000,coast,0.600000,0.000
215,ai,96.614,0.000000,-1.436,0.002788,0.000000,0.000000,0.000000,1.000,0.000,0.000,0.000,0.000,0.000000,0.000,0,0.000000,0.000000,0.000000,0.000000,0.000000,0,110.000,0.000,0.000,0.000,inf,0.000000,0.000000,0.000000,110.000,0.000000,coast,0.600000,0.000
216,ai,96.719,0.000000,-1.332,0.002588,0.000000,0.000000,0.000000,1.000,0.000,0.000,0.000,0.000,0.000000,0.000,0,0.000000,0.000000,0.000000,0.000000,0.000000,0,110.000,0.000,0.000,0.000,inf,0.000000,0.000000,0.000000,110.000,0.000000,coast,0.600000,0.000
217,ai,96.816,0.000000,-1.212,0.002354,0.000000,0.000000,0.000000,1.000,0.000,0.000,0.000,0.000,0.000000,0.000,0,0.000000,0.000000,0.000000,0.000000,0.000000,0,110.000,0.000,0.000,0.000,inf,0.000000,0.000000,0.000000,110.000,0.000000,coast,0.600000,0.000
218,ai,96.836,0.000000,-1.118,0.002190,0.000000,0.000000,0.000000,1.000,0.000,0.000,0.000,0.000,0.000000,0.000,0,0.000000,0.000000,0.000000,0.000000,0.000000,0,110.000,0.000,0.000,0.000,inf,0.000000,0.000000,0.000000,110.000,0.000000,coast,0.600000,0.000
219,ai,96.563,0.000000,-1.047,0.002016,0.000000,0.000000,0.000000,1.000,0.000,0.000,0.000,0.000,0.000000,0.000,0,0.000000,0.000000,0.000000,0.000000,0.000000,0,110.000,0.000,0.000,0.000,inf,0.000000,0.000000,0.000000,110.000,0.000000,coast,0.600000,0.000
220,ai,96.693,0.000000,-0.967,0.001867,0.000000,0.000000,0.000000,1.000,0.000,0.000,0.000,0.000,0.000000,0.000,0,0.000000,0.000000,0.000000,0.000000,0.000000,0,110.000,0.000,0.000,0.000,inf,0.000000,0.000000,0.000000,110.000,0.000000,coast,0.600000,0.000
221,ai,96.619,0.000000,-0.896,0.001740,0.000000,0.000000,0.000000,1.000,0.000,0.000,0.000,0.000,0.000000,0.000,0,0.000000,0.000000,0.000000,0.000000,0.000000,0,110.000,0.000,0.000,0.000,inf,0.000000,0.000000,0.000000,110.000,0.000000,coast,0.600000,0.000
222,ai,96.847,0.000000,-0.883,0.001715,0.000000,0.000000,0.000000,1.000,0.000,0.000,0.000,0.000,0.000000,0.000,0,0.000000,0.000000,0.000000,0.000000,0.000000,0,110.000,0.000,0.000,0.000,inf,0.000000,0.000000,0.000000,110.000,0.000000,coast,0.600000,0.000
223,ai,96.717,0.000000,-0.879,0.001717,0.000000,0.000000,0.000000,1.000,0.000,0.000,0.000,0.000,0.000000,0.000,0,0.000000,0.000000,0.000000,0.000000,0.000000,0,110.000,0.000,0.000,0.000,inf,0.000000,0.000000,0.000000,110.000,0.000000,coast,0.600000,0.000
224,ai,96.954,0.000000,-0.890,0.001740,0.000000,0.000000,0.000000,1.000,0.000,0.000,0.000,0.000,0.000000,0.000,0,0.000000,0.000000,0.000000,0.000000,0.000000,0,110.000,0.000,0.000,0.000,inf,0.000000,0.000000,0.000000,110.000,0.000000,coast,0.600000,0.000
225,ai,96.575,0.000000,-0.918,0.001808,0.000000,0.000000,0.000000,1.000,0.000,0.000,0.000,0.000,0.000000,0.000,0,0.000000,0.000000,0.000000,0.000000,0.000000,0,110.000,0.000,0.000,0.000,inf,0.000000,0.000000,0.000000,110.000,0.000000,coast,0.600000,0.000
226,ai,96.840,0.000000,-0.983,0.001941,0.000000,0.000000,0.000000,1.000,0.000,0.000,0.000,0.000,0.000000,0.000,0,0.000000,0.000000,0.000000,0.000000,0.000000,0,110.000,0.000,0.000,0.000,inf,0.000000,0.000000,0.000000,110.000,0.000000,coast,0.600000,0.000
227,ai,96.739,0.000000,-1.015,0.001987,0.000000,0.000000,0.000000,1.000,0.000,0.000,0.000,0.000,0.000000,0.000,0,0.000000,0.000000,0.000000,0.000000,0.000000,0,110.000,0.000,0.000,0.000,inf,0.000000,0.000000,0.000000,110.000,0.000000,coast,0.600000,0.000
228,ai,96.574,0.000000,-1.014,0.002005,0.000000,0.000000,0.000000,1.000,0.000,0.000,0.000,0.000,0.000000,0.000,0,0.000000,0.000000,0.000000,0.000000,0.000000,0,110.000,0.000,0.000,0.000,inf,0.000000,0.000000,0.000000,110.000,0.000000,coast,0.600000,0.000
229,ai,96.518,0.000000,-1.066,0.002086,0.000000,0.000000,0.000000,1.000,0.000,0.000,0.000,0.000,0.000000,0.000,0,0.000000,0.000000,0.000000,0.000000,0.000000,0,110.000,0.000,0.000,0.000,inf,0.000000,0.000000,0.000000,110.000,0.000000,coast,0.600000,0.000
230,ai,96.497,0.000000,-1.053,0.002066,0.000000,0.000000,0.000000,1.000,0.000,0.000,0.000,0.000,0.000000,0.000,0,0.000000,0.000000,0.000000,0.000000,0.000000,0,110.000,0.000,0.000,0.000,inf,0.000000,0.000000,0.000000,110.000,0.000000,coast,0.600000,0.000
231,ai,96.651,0.000000,-1.013,0.001973,0.000000,0.000000,0.000000,1.000,0.000,0.000,0.000,0.000,0.000000,0.000,0,0.000000,0.000000,0.000000,0.000000,0.000000,0,110.000,0.000,0.000,0.000,inf,0.000000,0.000000,0.000000,110.000,0.000000,coast,0.600000,0.000
232,ai,96.474,0.000000,-0.947,0.001846,0.000000,0.000000,0.000000,1.000,0.000,0.000,0.000,0.000,0.000000,0.000,0,0.000000,0.000000,0.000000,0.000000,0.000000,0,110.000,0.000,0.000,0.000,inf,0.000000,0.000000,0.000000,110.000,0.000000,coast,0.600000,0.000
233,ai,96.697,0.000000,-0.802,0.001539,0.000000,0.000000,0.000000,1.000,0.000,0.000,0.000,0.000,0.000000,0.000,0,0.000000,0.000000,0.000000,0.000000,0.000000,0,110.000,0.000,0.000,0.000,inf,0.000000,0.000000,0.000000,110.000,0.000000,coast,0.600000,0.000
234,ai,96.666,0.000000,-0.644,0.001234,0.000000,0.000000,0.000000,1.000,0.000,0.000,0.000,0.000,0.000000,0.000,0,0.000000,0.000000,0.000000,0.000000,0.000000,0,110.000,0.000,0.000,0.000,inf,0.000000,0.000000,0.000000,110.000,0.000000,coast,0.600000,0.000
235,ai,96.600,0.000000,-0.555,0.001067,0.000000,0.000000,0.000000,1.000,0.000,0.000,0.000,0.000,0.000000,0.000,0,0.000000,0.000000,0.000000,0.000000,0.000000,0,110.000,0.000,0.000,0.000,inf,0.000000,0.000000,0.000000,110.000,0.000000,coast,0.600000,0.000
236,ai,96.700,0.000000,-0.478,0.000913,0.000000,0.000000,0.000000,1.000,0.000,0.000,0.000,0.000,0.000000,0.000,0,0.000000,0.000000,0.000000,0.000000,0.000000,0,110.000,0.000,0.000,0.000,inf,0.000000,0.000000,0.000000,110.000,0.000000,coast,0.600000,0.000
237,ai,96.603,0.000000,-0.464,0.000926,0.000000,0.000000,0.000000,1.000,0.000,0.000,0.000,0.000,0.000000,0.000,0,0.000000,0.000000,0.000000,0.000000,0.000000,0,110.000,0.000,0.000,0.000,inf,0.000000,0.000000,0.000000,110.000,0.000000,coast,0.600000,0.000
238,ai,96.623,0.000000,-0.536,0.001070,0.000000,0.000000,0.000000,1.000,0.000,0.000,0.000,0.000,0.000000,0.000,0,0.000000,0.000000,0.000000,0.000000,0.000000,0,110.000,0.000,0.000,0.000,inf,0.000000,0.000000,0.000000,110.000,0.000000,coast,0.600000,0.000
239,ai,96.603,0.000000,-0.656,0.001323,0.000000,0.000000,0.000000,1.000,0.000,0.000,0.000,0.000,0.000000,0.000,0,0.000000,0.000000,0.000000,0.000000,0.000000,0,110.000,0.000,0.000,0.000,inf,0.000000,0.000000,0.000000,110.000,0.000000,coast,0.600000,0.000
240,ai,96.613,0.000000,-0.843,0.001707,0.000000,0.000000,0.000000,1.000,0.000,0.000,0.000,0.000,0.000000,0.000,0,0.000000,0.000000,0.000000,0.000000,0.000000,0,110.000,0.000,0.000,0.000,inf,0.000000,0.000000,0.000000,110.000,0.000000,coast,0.600000,0.000
241,ai,96.705,0.000000,-1.095,0.002203,0.000000,0.000000,0.000000,1.000,0.000,0.000,0.000,0.000,0.000000,0.000,0,0.000000,0.000000,0.000000,0.000000,0.000000,0,110.000,0.000,0.000,0.000,inf,0.000000,0.000000,0.000000,110.000,0.000000,coast,0.600000,0.000
242,ai,96.637,0.000000,-1.435,0.002886,0.000000,0.000000,0.000000,1.000,0.000,0.000,0.000,0.000,0.000000,0.000,0,0.000000,0.000000,0.000000,0.000000,0.000000,0,110.000,0.000,0.000,0.000,inf,0.000000,0.000000,0.000000,110.000,0.000000,coast,0.600000,0.000
243,ai,96.744,0.000000,-1.891,0.003811,0.000000,0.000000,0.000000,1.000,0.000,0.000,0.000,0.000,0.000000,0.000,0,0.000000,0.000000,0.000000,0.000000,0.000000,0,110.000,0.000,0.000,0.000,inf,0.000000,0.000000,0.000000,110.000,0.000000,coast,0.600000,0.000
244,ai,96.541,0.000000,-2.462,0.004952,0.000000,0.000000,0.000000,1.000,0.000,0.000,0.000,0.000,0.000000,0.000,0,0.000000,0.000000,0.000000,0.000000,0.000000,0,110.000,0.000,0.000,0.000,inf,0.000000,0.000000,0.000000,110.000,0.000000,coast,0.600000,0.000
245,ai,96.391,0.000000,-3.096,0.006187,0.000000,0.000000,0.000000,1.000,0.000,0.000,0.000,0.000,0.000000,0.000,0,0.000000,0.000000,0.000000,0.000000,0.000000,0,110.000,0.000,0.000,0.000,inf,0.000000,0.000000,0.000000,110.000,0.000000,coast,0.600000,0.000
246,ai,96.373,0.000000,-3.711,0.007382,0.000000,0.000000,0.000000,1.000,0.000,0.000,0.000,0.000,0.000000,0.000,0,0.000000,0.000000,0.000000,0.000000,0.000000,0,110.000,0.000,0.000,0.000,inf,0.000000,0.000000,0.000000,110.000,0.000000,coast,0.600000,0.000
247,ai,96.502,0.000000,-4.164,0.008236,0.000000,0.000000,0.000000,1.000,0.000,0.000,0.000,0.000,0.000000,0.000,0,0.000000,0.000000,0.000000,0.000000,0.000000,0,110.000,0.000,0.000,0.000,inf,0.000000,0.000000,0.000000,110.000,0.000000,coast,0.600000,0.000
248,ai,96.648,0.000000,-4.365,0.008566,0.000000,0.000000,0.000000,1.000,0.000,0.000,0.000,0.000,0.000000,0.000,0,0.000000,0.000000,0.000000,0.000000,0.000000,0,110.000,0.000,0.000,0.000,inf,0.000000,0.000000,0.000000,110.000,0.000000,coast,0.600000,0.000
249,ai,96.631,0.000000,-4.236,0.008251,0.000000,0.000000,0.000000,1.000,0.000,0.000,0.000,0.000,0.000000,0.000,0,0.000000,0.000000,0.000000,0.000000,0.000000,0,110.000,0.000,0.000,0.000,inf,0.000000,0.000000,0.000000,110.000,0.000000,coast,0.600000,0.000
250,ai,96.548,0.000000,-3.807,0.007366,0.000000,0.000000,0.000000,1.000,0.000,0.000,0.000,0.000,0.000000,0.000,0,0.000000,0.000000,0.000000,0.000000,0.000000,0,110.000,0.000,0.000,0.000,inf,0.000000,0.000000,0.000000,110.000,0.000000,coast,0.600000,0.000
251,ai,96.500,0.000000,-3.069,0.005833,0.000000,0.000000,0.000000,1.000,0.000,0.000,0.000,0.000,0.000000,0.000,0,0.000000,0.000000,0.000000,0.000000,0.000000,0,110.000,0.000,0.000,0.000,inf,0.000000,0.000000,0.000000,110.000,0.000000,coast,0.600000,0.000
252,ai,96.534,0.000000,-1.938,0.003528,0.000000,0.000000,0.000000,1.000,0.000,0.000,0.000,0.000,0.000000,0.000,0,0.000000,0.000000,0.000000,0.000000,0.000000,0,110.000,0.000,0.000,0.000,inf,0.000000,0.000000,0.000000,110.000,0.000000,coast,0.600000,0.000
253,ai,96.308,0.000000,-0.476,0.000624,0.000000,0.000000,0.000000,1.000,0.000,0.000,0.000,0.000,0.000000,0.000,0,0.000000,0.000000,0.000000,0.000000,0.000000,0,110.000,0.000,0.000,0.000,inf,0.000000,0.000000,0.000000,110.000,0.000000,coast,0.600000,0.000
254,ai,96.538,0.000000,1.191,-0.002686,0.000000,0.000000,0.000000,1.000,0.000,0.000,0.000,0.000,0.000000,0.000,0,0.000000,0.000000,0.000000,0.000000,0.000000,0,110.000,0.000,0.000,0.000,inf,0.000000,0.000000,0.000000,110.000,0.000000,coast,0.600000,0.000
255,ai,96.448,0.000000,3.201,-0.006676,0.000000,0.000000,0.000000,1.000,0.000,0.000,0.000,0.000,0.000000,0.000,0,0.000000,0.000000,0.000000,0.000000,0.000000,0,110.000,0.000,0.000,0.000,inf,0.000000,0.000000,0.000000,110.000,0.000000,coast,0.600000,0.000
256,ai,96.432,0.000000,5.402,-0.011032,0.000000,0.000000,0.000000,1.000,0.000,0.000,0.000,0.000,0.000000,0.000,0,0.000000,0.000000,0.000000,0.000000,0.000000,0,110.000,0.000,0.000,0.000,inf,0.000000,0.000000,0.000000,110.000,0.000000,coast,0.600000,0.000
257,ai,96.463,0.000000,7.942,-0.016083,0.000000,0.000000,0.000000,1.000,0.000,0.000,0.000,0.000,0.000000,0.000,0,0.000000,0.000000,0.000000,0.000000,0.000000,0,110.000,0.000,0.000,0.000,inf,0.000000,0.000000,0.000000,110.000,0.000000,coast,0.600000,0.000
258,ai,96.513,0.000000,10.709,-0.021580,0.000000,0.000000,0.000000,1.000,0.000,0.000,0.000,0.000,0.000000,0.000,0,0.000000,0.000000,0.000000,0.000000,0.000000,0,110.000,0.000,0.000,0.000,inf,0.000000,0.000000,0.000000,110.000,0.000000,coast,0.600000,0.000
259,ai,96.407,0.000000,13.684,-0.027456,0.000000,0.000000,0.000000,1.000,0.000,0.000,0.000,0.000,0.000000,0.000,0,0.000000,0.000000,0.000000,0.000000,0.000000,0,110.000,0.000,0.000,0.000,inf,0.000000,0.000000,0.000000,110.000,0.000000,coast,0.600000,0.000
260,ai,96.305,0.000000,16.798,-0.033564,0.000000,0.000000,0.000000,1.000,0.000,0.000,0.000,0.000,0.000000,0.000,0,0.000000,0.000000,0.000000,0.000000,0.000000,0,110.000,0.000,0.000,0.000,inf,0.000000,0.000000,0.000000,110.000,0.000000,coast,0.600000,0.000
261,ai,96.486,0.000000,20.113,-0.040093,0.000000,0.000000,0.000000,1.000,0.000,0.000,0.000,0.000,0.000000,0.000,0,0.000000,0.000000,0.000000,0.000000,0.000000,0,110.000,0.000,0.000,0.000,inf,0.000000,0.000000,0.000000,110.000,0.000000,coast,0.600000,0.000
262,ai,96.391,0.000000,23.479,-0.046642,0.000000,0.000000,0.000000,1.000,0.000,0.000,0.000,0.000,0.000000,0.000,0,0.000000,0.000000,0.000000,0.000000,0.000000,0,110.000,0.000,0.000,0.000,inf,0.000000,0.000000,0.000000,110.000,0.000000,coast,0.600000,0.000
263,ai,96.454,0.000000,26.770,-0.053153,0.000000,0.000000,0.000000,1.000,0.000,0.000,0.000,0.000,0.000000,0.000,0,0.000000,0.000000,0.000000,0.000000,0.000000,0,110.000,0.000,0.000,0.000,inf,0.000000,0.000000,0.000000,110.000,0.000000,coast,0.600000,0.000
264,ai,96.392,0.000000,30.076,-0.059560,0.000000,0.000000,0.000000,1.000,0.000,0.000,0.000,0.000,0.000000,0.000,0,0.000000,0.000000,0.000000,0.000000,0.000000,0,110.000,0.000,0.000,0.000,inf,0.000000,0.000000,0.000000,110.000,0.000000,coast,0.600000,0.000
265,ai,96.274,0.000000,33.240,-0.065764,0.000000,0.000000,0.000000,1.000,0.000,0.000,0.000,0.000,0.000000,0.000,0,0.000000,0.000000,0.000000,0.000000,0.000000,0,110.000,0.000,0.000,0.000,inf,0.000000,0.000000,0.000000,110.000,0.000000,coast,0.600000,0.000
266,ai,96.433,0.000000,36.421,-0.072034,0.000000,0.000000,0.000000,1.000,0.000,0.000,0.000,0.000,0.000000,0.000,0,0.000000,0.000000,0.000000,0.000000,0.000000,0,110.000,0.000,0.000,0.000,inf,0.000000,0.000000,0.000000,110.000,0.000000,coast,0.600000,0.000
267,ai,96.175,0.000000,39.733,-0.078557,0.000000,0.000000,0.000000,1.000,0.000,0.000,0.000,0.000,0.000000,0.000,0,0.000000,0.000000,0.000000,0.000000,0.000000,0,110.000,0.000,0.000,0.000,inf,0.000000,0.000000,0.000000,110.000,0.000000,coast,0.600000,0.000
268,ai,96.147,0.000000,43.335,-0.085684,0.000000,0.000000,0.000000,1.000,0.000,0.000,0.000,0.000,0.000000,0.000,0,0.000000,0.000000,0.000000,0.000000,0.000000,0,110.000,0.000,0.000,0.000,inf,0.000000,0.000000,0.000000,110.000,0.000000,coast,0.600000,0.000
269,ai,96.108,0.000000,47.072,-0.093076,0.000000,0.000000,0.000000,1.000,0.000,0.000,0.000,0.000,0.000000,0.000,0,0.000000,0.000000,0.000000,0.000000,0.000000,0,110.000,0.000,0.000,0.000,inf,0.000000,0.000000,0.000000,110.000,0.000000,coast,0.600000,0.000
270,ai,96.436,0.000000,51.175,-0.101082,0.000000,0.000000,0.000000,1.000,0.000,0.000,0.000,0.000,0.000000,0.000,0,0.000000,0.000000,0.000000,0.000000,0.000000,0,110.000,0.000,0.000,0.000,inf,0.000000,0.000000,0.000000,110.000,0.000000,coast,0.600000,0.000
271,ai,96.467,0.000000,54.837,-0.108141,0.000000,0.000000,0.000000,1.000,0.000,0.000,0.000,0.000,0.000000,0.000,0,0.000000,0.000000,0.000000,0.000000,0.000000,0,110.000,0.000,0.000,0.000,inf,0.000000,0.000000,0.000000,110.000,0.000000,coast,0.600000,0.000
272,ai,96.832,0.000000,58.096,-0.114431,0.000000,0.000000,0.000000,1.000,0.000,0.000,0.000,0.000,0.000000,0.000,0,0.000000,0.000000,0.000000,0.000000,0.000000,0,110.000,0.000,0.000,0.000,inf,0.000000,0.000000,0.000000,110.000,0.000000,coast,0.600000,0.000
273,ai,96.568,0.000000,60.755,-0.119596,0.000000,0.000000,0.000000,1.000,0.000,0.000,0.000,0.000,0.000000,0.000,0,0.000000,0.000000,0.000000,0.000000,0.000000,0,110.000,0.000,0.000,0.000,inf,0.000000,0.000000,0.000000,110.000,0.000000,coast,0.600000,0.000
274,ai,96.281,0.000000,63.299,-0.124520,0.000000,0.000000,0.000000,1.000,0.000,0.000,0.000,0.000,0.000000,0.000,0,0.000000,0.000000,0.000000,0.000000,0.000000,0,110.000,0.000,0.000,0.000,inf,0.000000,0.000000,0.000000,110.000,0.000000,coast,0.600000,0.000
275,ai,95.913,0.000000,65.576,-0.129010,0.000000,0.000000,0.000000,1.000,0.000,0.000,0.000,0.000,0.000000,0.000,0,0.000000,0.000000,0.000000,0.000000,0.000000,0,110.000,0.000,0.000,0.000,inf,0.000000,0.000000,0.000000,110.000,0.000000,coast,0.600000,0.000
276,ai,95.459,0.000000,68.059,-0.133950,0.000000,0.000000,0.000000,1.000,0.000,0.000,0.000,0.000,0.000000,0.000,0,0.000000,0.000000,0.000000,0.000000,0.000000,0,110.000,0.000,0.000,0.000,inf,0.000000,0.000000,0.000000,110.000,0.000000,coast,0.600000,0.000
277,ai,95.134,0.000000,70.607,-0.138950,0.000000,0.000000,0.000000,1.000,0.000,0.000,0.000,0.000,0.000000,0.000,0,0.000000,0.000000,0.000000,0.000000,0.000000,0,110.000,0.000,0.000,0.000,inf,0.000000,0.000000,0.000000,110.000,0.000000,coast,0.600000,0.000
278,ai,94.830,0.000000,73.360,-0.145001,0.000000,0.000000,0.000000,1.000,0.000,0.000,0.000,0.000,0.000000,0.000,0,0.000000,0.000000,0.000000,0.000000,0.000000,0,110.000,0.000,0.000,0.000,inf,0.000000,0.000000,0.000000,110.000,0.000000,coast,0.600000,0.000
279,ai,94.825,0.000000,76.741,-0.151090,0.000000,0.000000,0.000000,1.000,0.000,0.000,0.000,0.000,0.000000,0.000,0,0.000000,0.000000,0.000000,0.000000,0.000000,0,110.000,0.000,0.000,0.000,inf,0.000000,0.000000,0.000000,110.000,0.000000,coast,0.600000,0.000
280,ai,94.579,0.000000,80.028,-0.157659,0.000000,0.000000,0.000000,1.000,0.000,0.000,0.000,0.000,0.000000,0.000,0,0.000000,0.000000,0.000000,0.000000,0.000000,0,110.000,0.000,0.000,0.000,inf,0.000000,0.000000,0.000000,110.000,0.000000,coast,0.600000,0.000
281,ai,94.408,0.000000,84.023,-0.165435,0.000000,0.000000,0.000000,1.000,0.000,0.000,0.000,0.000,0.000000,0.000,0,0.000000,0.000000,0.000000,0.000000,0.000000,0,110.000,0.000,0.000,0.000,inf,0.000000,0.000000,0.000000,110.000,0.000000,coast,0.600000,0.000
282,ai,93.937,0.000000,87.461,-0.172106,0.000000,0.000000,0.000000,1.000,0.000,0.000,0.000,0.000,0.000000,0.000,0,0.000000,0.000000,0.000000,0.000000,0.000000,0,110.000,0.000,0.000,0.000,inf,0.000000,0.000000,0.000000,110.000,0.000000,coast,0.600000,0.000
283,ai,93.621,0.000000,90.575,-0.178081,0.000000,0.000000,0.000000,1.000,0.000,0.000,0.000,0.000,0.000000,0.000,0,0.000000,0.000000,0.000000,0.000000,0.000000,0,110.000,0.000,0.000,0.000,inf,0.000000,0.000000,0.000000,110.000,0.000000,coast,0.600000,0.000
284,ai,93.356,0.000000,93.171,-0.183194,0.000000,0.000000,0.000000,1.000,0.000,0.000,0.000,0.000,0.000000,0.000,0,0.000000,0.000000,0.000000,0.000000,0.000000,0,110.000,0.000,0.000,0.000,inf,0.000000,0.000000,0.000000,110.000,0.000000,coast,0.600000,0.000
285,ai,92.985,0.000000,96.187,-0.189225,0.000000,0.000000,0.000000,1.000,0.000,0.000,0.000,0.000,0.000000,0.000,0,0.000000,0.000000,0.000000,0.000000,0.000000,0,110.000,0.000,0.000,0.000,inf,0.000000,0.000000,0.000000,110.000,0.000000,coast,0.600000,0.000
286,ai,92.646,0.000000,99.128,-0.194910,0.000000,0.000000,0.000000,1.000,0.000,0.000,0.000,0.000,0.000000,0.000,0,0.000000,0.000000,0.000000,0.000000,0.000000,0,110.000,0.000,0.000,0.000,inf,0.000000,0.000000,0.000000,110.000,0.000000,coast,0.600000,0.000
287,ai,92.258,0.000000,101.912,-0.200256,0.000000,0.000000,0.000000,1.000,0.000,0.000,0.000,0.000,0.000000,0.000,0,0.000000,0.000000,0.000000,0.000000,0.000000,0,110.000,0.000,0.000,0.000,inf,0.000000,0.000000,0.000000,110.000,0.000000,coast,0.600000,0.000
288,ai,92.297,0.000000,104.132,-0.204557,0.000000,0.000000,0.000000,1.000,0.000,0.000,0.000,0.000,0.000000,0.000,0,0.000000,0.000000,0.000000,0.000000,0.000000,0,110.000,0.000,0.000,0.000,inf,0.000000,0.000000,0.000000,110.000,0.000000,coast,0.600000,0.000
289,ai,91.928,0.000000,106.181,-0.208552,0.000000,0.000000,0.000000,1.000,0.000,0.000,0.000,0.000,0.000000,0.000,0,0.000000,0.000000,0.000000,0.000000,0.000000,0,110.000,0.000,0.000,0.000,inf,0.000000,0.000000,0.000000,110.000,0.000000,coast,0.600000,0.000
290,ai,91.614,0.000000,107.824,-0.211737,0.000000,0.000000,0.000000,1.000,0.000,0.000,0.000,0.000,0.000000,0.000,0,0.000000,0.000000,0.000000,0.000000,0.000000,0,110.000,0.000,0.000,0.000,inf,0.000000,0.000000,0.000000,110.000,0.000000,coast,0.600000,0.000
291,ai,91.246,0.000000,109.468,-0.214947,0.000000,0.000000,0.000000,1.000,0.000,0.000,0.000,0.000,0.000000,0.000,0,0.000000,0.000000,0.000000,0.000000,0.000000,0,110.000,0.000,0.000,0.000,inf,0.000000,0.000000,0.000000,110.000,0.000000,coast,0.600000,0.000
292,ai,90.868,0.000000,111.393,-0.218789,0.000000,0.000000,0.000000,1.000,0.000,0.000,0.000,0.000,0.000000,0.000,0,0.000000,0.000000,0.000000,0.000000,0.000000,0,110.000,0.000,0.000,0.000,inf,0.000000,0.000000,0.000000,110.000,0.000000,coast,0.600000,0.000
293,ai,90.455,0.000000,113.634,-0.223331,0.000000,0.000000,0.000000,1.000,0.000,0.000,0.000,0.000,0.000000,0.000,0,0.000000,0.000000,0.000000,0.000000,0.000000,0,110.000,0.000,0.000,0.000,inf,0.000000,0.000000,0.000000,110.000,0.000000,coast,0.600000,0.000
294,ai,90.170,0.000000,116.262,-0.228494,0.000000,0.000000,0.000000,1.000,0.000,0.000,0.000,0.000,0.000000,0.000,0,0.000000,0.000000,0.000000,0.000000,0.000000,0,110.000,0.000,0.000,0.000,inf,0.000000,0.000000,0.000000,110.000,0.000000,coast,0.600000,0.000
295,ai,89.663,0.000000,119.014,-0.233952,0.000000,0.000000,0.000000,1.000,0.000,0.000,0.000,0.000,0.000000,0.000,0,0.000000,0.000000,0.000000,0.000000,0.000000,0,110.000,0.000,0.000,0.000,inf,0.000000,0.000000,0.000000,110.000,0.000000,coast,0.600000,0.000
296,ai,89.471,0.000000,122.032,-0.239920,0.000000,0.000000,0.000000,1.000,0.000,0.000,0.000,0.000,0.000000,0.000,0,0.000000,0.000000,0.000000,0.000000,0.000000,0,110.000,0.000,0.000,0.000,inf,0.000000,0.000000,0.000000,110.000,0.000000,coast,0.600000,0.000
297,ai,89.029,0.000000,125.811,-0.247395,0.000000,0.000000,0.000000,1.000,0.000,0.000,0.000,0.000,0.000000,0.000,0,0.000000,0.000000,0.000000,0.000000,0.000000,0,110.000,0.000,0.000,0.000,inf,0.000000,0.000000,0.000000,110.000,0.000000,coast,0.600000,0.000
298,ai,88.630,0.000000,129.593,-0.254834,0.000000,0.000000,0.000000,1.000,0.000,0.000,0.000,0.000,0.000000,0.000,0,0.000000,0.000000,0.000000,0.000000,0.000000,0,110.000,0.000,0.000,0.000,inf,0.000000,0.000000,0.000000,110.000,0.000000,coast,0.600000,0.000
299,ai,88.666,0.000000,133.114,-0.261615,0.000000,0.000000,0.000000,1.000,0.000,0.000,0.000,0.000,0.000000,0.000,0,0.000000,0.000000,0.000000,0.000000,0.000000,0,110.000,0.000,0.000,0.000,inf,0.000000,0.000000,0.000000,110.000,0.000000,coast,0.600000,0.000
300,ai,88.025,0.000000,135.606,-0.266252,0.000000,0.000000,0.000000,1.000,0.000,0.000,0.000,0.000,0.000000,0.000,0,0.000000,0.000000,0.000000,0.000000,0.000000,0,110.000,0.000,0.000,0.000,inf,0.000000,0.000000,0.000000,110.000,0.000000,coast,0.600000,0.000
301,ai,87.657,0.000000,137.074,-0.269029,0.000000,0.000000,0.000000,1.000,0.000,0.000,0.000,0.000,0.000000,0.000,0,0.000000,0.000000,0.000000,0.000000,0.000000,0,110.000,0.000,0.000,0.000,inf,0.000000,0.000000,0.000000,110.000,0.000000,coast,0.600000,0.000
302,ai,86.901,0.000000,139.007,-0.273122,0.000000,0.000000,0.000000,1.000,0.000,0.000,0.000,0.000,0.000000,0.000,0,0.000000,0.000000,0.000000,0.000000,0.000000,0,110.000,0.000,0.000,0.000,inf,0.000000,0.000000,0.000000,110.000,0.000000,coast,0.600000,0.000
303,ai,86.425,0.000000,142.024,-0.279217,0.000000,0.000000,0.000000,1.000,0.000,0.000,0.000,0.000,0.000000,0.000,0,0.000000,0.000000,0.000000,0.000000,0.000000,0,110.000,0.000,0.000,0.000,inf,0.000000,0.000000,0.000000,110.000,0.000000,coast,0.600000,0.000
304,ai,86.143,0.000000,145.578,-0.286023,0.000000,0.000000,0.000000,1.000,0.000,0.000,0.000,0.000,0.000000,0.000,0,0.000000,0.000000,0.000000,0.000000,0.000000,0,110.000,0.000,0.000,0.000,inf,0.000000,0.000000,0.000000,110.000,0.000000,coast,0.600000,0.000
305,ai,85.684,0.000000,148.093,-0.290776,0.000000,0.000000,0.000000,1.000,0.000,0.000,0.000,0.000,0.000000,0.000,0,0.000000,0.000000,0.000000,0.000000,0.000000,0,110.000,0.000,0.000,0.000,inf,0.000000,0.000000,0.000000,110.000,0.000000,coast,0.600000,0.000
306,ai,85.274,0.000000,149.603,-0.293531,0.000000,0.000000,0.000000,1.000,0.000,0.000,0.000,0.000,0.000000,0.000,0,0.000000,0.000000,0.000000,0.000000,0.000000,0,110.000,0.000,0.000,0.000,inf,0.000000,0.000000,0.000000,110.000,0.000000,coast,0.600000,0.000
307,ai,84.904,0.000000,150.549,-0.295063,0.000000,0.000000,0.000000,1.000,0.000,0.000,0.000,0.000,0.000000,0.000,0,0.000000,0.000000,0.000000,0.000000,0.000000,0,110.000,0.000,0.000,0.000,inf,0.000000,0.000000,0.000000,110.000,0.000000,coast,0.600000,0.000
308,ai,84.660,0.000000,151.275,-0.296752,0.000000,0.000000,0.000000,1.000,0.000,0.000,0.000,0.000,0.000000,0.000,0,0.000000,0.000000,0.000000,0.000000,0.000000,0,110.000,0.000,0.000,0.000,inf,0.000000,0.000000,0.000000,110.000,0.000000,coast,0.600000,0.000
309,ai,84.330,0.000000,152.319,-0.298956,0.000000,0.000000,0.000000,1.000,0.000,0.000,0.000,0.000,0.000000,0.000,0,0.000000,0.000000,0.000000,0.000000,0.000000,0,110.000,0.000,0.000,0.000,inf,0.000000,0.000000,0.000000,110.000,0.000000,coast,0.600000,0.000
310,ai,83.956,0.000000,153.853,-0.301974,0.000000,0.000000,0.000000,1.000,0.000,0.000,0.000,0.000,0.000000,0.000,0,0.000000,0.000000,0.000000,0.000000,0.000000,0,110.000,0.000,0.000,0.000,inf,0.000000,0.000000,0.000000,110.000,0.000000,coast,0.600000,0.000
311,ai,83.742,0.000000,155.401,-0.305022,0.000000,0.000000,0.000000,1.000,0.000,0.000,0.000,0.000,0.000000,0.000,0,0.000000,0.000000,0.000000,0.000000,0.000000,0,110.000,0.000,0.000,0.000,inf,0.000000,0.000000,0.000000,110.000,0.000000,coast,0.600000,0.000
312,ai,83.466,0.000000,157.243,-0.308664,0.000000,0.000000,0.000000,1.000,0.000,0.000,0.000,0.000,0.000000,0.000,0,0.000000,0.000000,0.000000,0.000000,0.000000,0,110.000,0.000,0.000,0.000,inf,0.000000,0.000000,0.000000,110.000,0.000000,coast,0.600000,0.000
313,ai,83.422,0.000000,158.703,-0.311533,0.000000,0.000000,0.000000,1.000,0.000,0.000,0.000,0.000,0.000000,0.000,0,0.000000,0.000000,0.000000,0.000000,0.000000,0,110.000,0.000,0.000,0.000,inf,0.000000,0.000000,0.000000,110.000,0.000000,coast,0.600000,0.000
314,ai,83.085,0.000000,160.446,-0.314942,0.000000,0.000000,0.000000,1.000,0.000,0.000,0.000,0.000,0.000000,0.000,0,0.000000,0.000000,0.000000,0.000000,0.000000,0,110.000,0.000,0.000,0.000,inf,0.000000,0.000000,0.000000,110.000,0.000000,coast,0.600000,0.000
315,ai,83.172,0.000000,162.319,-0.318619,0.000000,0.000000,0.000000,1.000,0.000,0.000,0.000,0.000,0.000000,0.000,0,0.000000,0.000000,0.000000,0.000000,0.000000,0,110.000,0.000,0.000,0.000,inf,0.000000,0.000000,0.000000,110.000,0.000000,coast,0.600000,0.000
316,ai,82.998,0.000000,164.199,-0.322352,0.000000,0.000000,0.000000,1.000,0.000,0.000,0.000,0.000,0.000000,0.000,0,0.000000,0.000000,0.000000,0.000000,0.000000,0,110.000,0.000,0.000,0.000,inf,0.000000,0.000000,0.000000,110.000,0.000000,coast,0.600000,0.000
317,ai,82.716,0.000000,165.926,-0.325690,0.000000,0.000000,0.000000,1.000,0.000,0.000,0.000,0.000,0.000000,0.000,0,0.000000,0.000000,0.000000,0.000000,0.000000,0,110.000,0.000,0.000,0.000,inf,0.000000,0.000000,0.000000,110.000,0.000000,coast,0.600000,0.000
318,ai,82.655,0.000000,167.551,-0.328881,0.000000,0.000000,0.000000,1.000,0.000,0.000,0.000,0.000,0.000000,0.000,0,0.000000,0.000000,0.000000,0.000000,0.000000,0,110.000,0.000,0.000,0.000,inf,0.000000,0.000000,0.000000,110.000,0.000000,coast,0.600000,0.000
319,ai,82.451,0.000000,169.257,-0.332195,0.000000,0.000000,0.000000,1.000,0.000,0.000,0.000,0.000,0.000000,0.000,0,0.000000,0.000000,0.000000,0.000000,0.000000,0,110.000,0.000,0.000,0.000,inf,0.000000,0.000000,0.000000,110.000,0.000000,coast,0.600000,0.000
320,ai,82.363,0.000000,170.400,-0.334312,0.000000,0.000000,0.000000,1.000,0.000,0.000,0.000,0.000,0.000000,0.000,0,0.000000,0.000000,0.000000,0.000000,0.000000,0,110.000,0.000,0.000,0.000,inf,0.000000,0.000000,0.000000,110.000,0.000000,coast,0.600000,0.000
321,ai,82.668,0.000000,171.359,-0.336159,0.000000,0.000000,0.000000,1.000,0.000,0.000,0.000,0.000,0.000000,0.000,0,0.000000,0.000000,0.000000,0.000000,0.000000,0,110.000,0.000,0.000,0.000,inf,0.000000,0.000000,0.000000,110.000,0.000000,coast,0.600000,0.000
322,ai,82.415,0.000000,171.510,-0.336316,0.000000,0.000000,0.000000,1.000,0.000,0.000,0.000,0.000,0.000000,0.000,0,0.000000,0.000000,0.000000,0.000000,0.000000,0,110.000,0.000,0.000,0.000,inf,0.000000,0.000000,0.000000,110.000,0.000000,coast,0.600000,0.000
323,ai,82.485,0.000000,171.494,-0.336211,0.000000,0.000000,0.000000,1.000,0.000,0.000,0.000,0.000,0.000000,0.000,0,0.000000,0.000000,0.000000,0.000000,0.000000,0,110.000,0.000,0.000,0.000,inf,0.000000,0.000000,0.000000,110.000,0.000000,coast,0.600000,0.000
324,ai,82.504,0.000000,170.808,-0.334798,0.000000,0.000000,0.000000,1.000,0.000,0.000,0.000,0.000,0.000000,0.000,0,0.000000,0.000000,0.000000,0.000000,0.000000,0,110.000,0.000,0.000,0.000,inf,0.000000,0.000000,0.000000,110.000,0.000000,coast,0.600000,0.000
325,ai,82.370,0.000000,170.081,-0.333284,0.000000,0.000000,0.000000,1.000,0.000,0.000,0.000,0.000,0.000000,0.000,0,0.000000,0.000000,0.000000,0.000000,0.000000,0,110.000,0.000,0.000,0.000,inf,0.000000,0.000000,0.000000,110.000,0.000000,coast,0.600000,0.000
326,ai,82.541,0.000000,169.539,-0.332680,0.000000,0.000000,0.000000,1.000,0.000,0.000,0.000,0.000,0.000000,0.000,0,0.000000,0.000000,0.000000,0.000000,0.000000,0,110.000,0.000,0.000,0.000,inf,0.000000,0.000000,0.000000,110.000,0.000000,coast,0.600000,0.000
327,ai,83.464,0.000000,170.625,-0.333151,0.000000,0.000000,0.000000,1.000,0.000,0.000,0.000,0.000,0.000000,0.000,0,0.000000,0.000000,0.000000,0.000000,0.000000,0,110.000,0.000,0.000,0.000,inf,0.000000,0.000000,0.000000,110.000,0.000000,coast,0.600000,0.000
328,ai,84.014,0.000000,161.760,-0.316214,0.000000,0.000000,0.000000,1.000,0.000,0.000,0.000,0.000,0.000000,0.000,0,0.000000,0.000000,0.000000,0.000000,0.000000,0,110.000,0.000,0.000,0.000,inf,0.000000,0.000000,0.000000,110.000,0.000000,coast,0.600000,0.000
329,ai,83.943,0.000000,153.979,-0.298802,0.000000,0.000000,0.000000,1.000,0.000,0.000,0.000,0.000,0.000000,0.000,0,0.000000,0.000000,0.000000,0.000000,0.000000,0,110.000,0.000,0.000,0.000,inf,0.000000,0.000000,0.000000,110.000,0.000000,coast,0.600000,0.000
330,ai,84.293,0.000000,135.836,-0.261882,0.000000,0.000000,0.000000,1.000,0.000,0.000,0.000,0.000,0.000000,0.000,0,0.000000,0.000000,0.000000,0.000000,0.000000,0,110.000,0.000,0.000,0.000,inf,0.000000,0.000000,0.000000,110.000,0.000000,coast,0.600000,0.000
331,ai,84.762,0.000000,112.093,-0.213836,0.000000,0.000000,0.000000,1.000,0.000,0.000,0.000,0.000,0.000000,0.000,0,0.000000,0.000000,0.000000,0.000000,0.000000,0,110.000,0.000,0.000,0.000,inf,0.000000,0.000000,0.000000,110.000,0.000000,coast,0.600000,0.000
332,ai,85.142,0.000000,80.422,-0.151635,0.000000,0.000000,0.000000,1.000,0.000,0.000,0.000,0.000,0.000000,0.000,0,0.000000,0.000000,0.000000,0.000000,0.000000,0,110.000,0.000,0.000,0.000,inf,0.000000,0.000000,0.000000,110.000,0.000000,coast,0.600000,0.000
333,ai,85.414,0.000000,51.282,-0.095656,0.000000,0.000000,0.000000,1.000,0.000,0.000,0.000,0.000,0.000000,0.000,0,0.000000,0.000000,0.000000,0.000000,0.000000,0,110.000,0.000,0.000,0.000,inf,0.000000,0.000000,0.000000,110.000,0.000000,coast,0.600000,0.000
334,ai,85.575,0.000000,32.584,-0.060002,0.000000,0.000000,0.000000,1.000,0.000,0.000,0.000,0.000,0.000000,0.000,0,0.000000,0.000000,0.000000,0.000000,0.000000,0,110.000,0.000,0.000,0.000,inf,0.000000,0.000000,0.000000,110.000,0.000000,coast,0.600000,0.000
335,ai,85.675,0.000000,10.288,-0.016088,0.000000,0.000000,0.000000,1.000,0.000,0.000,0.000,0.000,0.000000,0.000,0,0.000000,0.000000,0.000000,0.000000,0.000000,0,110.000,0.000,0.000,0.000,inf,0.000000,0.000000,0.000000,110.000,0.000000,coast,0.600000,0.000
336,ai,85.998,0.000000,-0.748,0.001335,0.000000,0.000000,0.000000,1.000,0.000,0.000,0.000,0.000,0.000000,0.000,0,0.000000,0.000000,0.000000,0.000000,0.000000,0,110.000,0.000,0.000,0.000,inf,0.000000,0.000000,0.000000,110.000,0.000000,coast,0.600000,0.000
337,ai,86.295,0.000000,1.836,-0.003910,0.000000,0.000000,0.000000,1.000,0.000,0.000,0.000,0.000,0.000000,0.000,0,0.000000,0.000000,0.000000,0.000000,0.000000,0,110.000,0.000,0.000,0.000,inf,0.000000,0.000000,0.000000,110.000,0.000000,coast,0.600000,0.000
338,ai,86.396,0.000000,0.770,-0.001096,0.000000,0.000000,0.000000,1.000,0.000,0.000,0.000,0.000,0.000000,0.000,0,0.000000,0.000000,0.000000,0.000000,0.000000,0,110.000,0.000,0.000,0.000,inf,0.000000,0.000000,0.000000,110.000,0.000000,coast,0.600000,0.000
339,ai,86.428,0.000000,-0.559,0.001177,0.000000,0.000000,0.000000,1.000,0.000,0.000,0.000,0.000,0.000000,0.000,0,0.000000,0.000000,0.000000,0.000000,0.000000,0,110.000,0.000,0.000,0.000,inf,0.000000,0.000000,0.000000,110.000,0.000000,coast,0.600000,0.000
340,ai,86.482,0.000000,-0.985,0.001954,0.000000,0.000000,0.000000,1.000,0.000,0.000,0.000,0.000,0.000000,0.000,0,0.000000,0.000000,0.000000,0.000000,0.000000,0,110.000,0.000,0.000,0.000,inf,0.000000,0.000000,0.000000,110.000,0.000000,coast,0.600000,0.000
341,ai,86.473,0.000000,-1.119,0.002205,0.000000,0.000000,0.000000,1.000,0.000,0.000,0.000,0.000,0.000000,0.000,0,0.000000,0.000000,0.000000,0.000000,0.000000,0,110.000,0.000,0.000,0.000,inf,0.000000,0.000000,0.000000,110.000,0.000000,coast,0.600000,0.000
342,ai,86.393,0.000000,-1.135,0.002254,0.000000,0.000000,0.000000,1.000,0.000,0.000,0.000,0.000,0.000000,0.000,0,0.000000,0.000000,0.000000,0.000000,0.000000,0,110.000,0.000,0.000,0.000,inf,0.000000,0.000000,0.000000,110.000,0.000000,coast,0.600000,0.000
343,ai,86.341,0.000000,-1.341,0.002592,0.000000,0.000000,0.000000,1.000,0.000,0.000,0.000,0.000,0.000000,0.000,0,0.000000,0.000000,0.000000,0.000000,0.000000,0,110.000,0.000,0.000,0.000,inf,0.000000,0.000000,0.000000,110.000,0.000000,coast,0.600000,0.000
344,ai,86.396,0.000000,-1.155,0.002146,0.000000,0.000000,0.000000,1.000,0.000,0.000,0.000,0.000,0.000000,0.000,0,0.000000,0.000000,0.000000,0.000000,0.000000,0,110.000,0.000,0.000,0.000,inf,0.000000,0.000000,0.000000,110.000,0.000000,coast,0.600000,0.000
345,ai,86.365,0.000000,-0.630,0.001138,0.000000,0.000000,0.000000,1.000,0.000,0.000,0.000,0.000,0.000000,0.000,0,0.000000,0.000000,0.000000,0.000000,0.000000,0,110.000,0.000,0.000,0.000,inf,0.000000,0.000000,0.000000,110.000,0.000000,coast,0.600000,0.000
346,ai,86.087,0.000000,-0.605,0.001272,0.000000,0.000000,0.000000,1.000,0.000,0.000,0.000,0.000,0.000000,0.000,0,0.000000,0.000000,0.000000,0.000000,0.000000,0,110.000,0.000,0.000,0.000,inf,0.000000,0.000000,0.000000,110.000,0.000000,coast,0.600000,0.000
347,ai,86.219,0.000000,-0.948,0.001880,0.000000,0.000000,0.000000,1.000,0.000,0.000,0.000,0.000,0.000000,0.000,0,0.000000,0.000000,0.000000,0.000000,0.000000,0,110.000,0.000,0.000,0.000,inf,0.000000,0.000000,0.000000,110.000,0.000000,coast,0.600000,0.000
348,ai,86.244,0.000000,-0.884,0.001775,0.000000,0.000000,0.000000,1.000,0.000,0.000,0.000,0.000,0.000000,0.000,0,0.000000,0.000000,0.000000,0.000000,0.000000,0,110.000,0.000,0.000,0.000,inf,0.000000,0.000000,0.000000,110.000,0.000000,coast,0.600000,0.000
349,ai,86.079,0.000000,-1.022,0.002038,0.000000,0.000000,0.000000,1.000,0.000,0.000,0.000,0.000,0.000000,0.000,0,0.000000,0.000000,0.000000,0.000000,0.000000,0,110.000,0.000,0.000,0.000,inf,0.000000,0.000000,0.000000,110.000,0.000000,coast,0.600000,0.000
350,ai,85.942,0.000000,-1.003,0.002064,0.000000,0.000000,0.000000,1.000,0.000,0.000,0.000,0.000,0.000000,0.000,0,0.000000,0.000000,0.000000,0.000000,0.000000,0,110.000,0.000,0.000,0.000,inf,0.000000,0.000000,0.000000,110.000,0.000000,coast,0.600000,0.000
351,ai,86.013,0.000000,-0.952,0.001790,0.000000,0.000000,0.000000,1.000,0.000,0.000,0.000,0.000,0.000000,0.000,0,0.000000,0.000000,0.000000,0.000000,0.000000,0,110.000,0.000,0.000,0.000,inf,0.000000,0.000000,0.000000,110.000,0.000000,coast,0.600000,0.000
352,ai,86.074,0.000000,1.995,-0.005299,0.000000,0.000000,0.000000,1.000,0.000,0.000,0.000,0.000,0.000000,0.000,0,0.000000,0.000000,0.000000,0.000000,0.000000,0,110.000,0.000,0.000,0.000,inf,0.000000,0.000000,0.000000,110.000,0.000000,coast,0.600000,0.000
353,ai,86.094,0.000000,11.015,-0.023741,0.000000,0.000000,0.000000,1.000,0.000,0.000,0.000,0.000,0.000000,0.000,0,0.000000,0.000000,0.000000,0.000000,0.000000,0,110.000,0.000,0.000,0.000,inf,0.000000,0.000000,0.000000,110.000,0.000000,coast,0.600000,0.000
354,ai,85.797,0.000000,21.844,-0.045296,0.000000,0.000000,0.000000,1.000,0.000,0.000,0.000,0.000,0.000000,0.000,0,0.000000,0.000000,0.000000,0.000000,0.000000,0,110.000,0.000,0.000,0.000,inf,0.000000,0.000000,0.000000,110.000,0.000000,coast,0.600000,0.000
355,ai,85.908,0.000000,36.168,-0.073682,0.000000,0.000000,0.000000,1.000,0.000,0.000,0.000,0.000,0.000000,0.000,0,0.000000,0.000000,0.000000,0.000000,0.000000,0,110.000,0.000,0.000,0.000,inf,0.000000,0.000000,0.000000,110.000,0.000000,coast,0.600000,0.000
356,ai,85.516,0.000000,51.898,-0.105062,0.000000,0.000000,0.000000,1.000,0.000,0.000,0.000,0.000,0.000000,0.000,0,0.000000,0.000000,0.000000,0.000000,0.000000,0,110.000,0.000,0.000,0.000,inf,0.000000,0.000000,0.000000,110.000,0.000000,coast,0.600000,0.000
357,ai,84.882,0.000000,66.364,-0.132094,0.000000,0.000000,0.000000,1.000,0.000,0.000,0.000,0.000,0.000000,0.000,0,0.000000,0.000000,0.000000,0.000000,0.000000,0,110.000,0.000,0.000,0.000,inf,0.000000,0.000000,0.000000,110.000,0.000000,coast,0.600000,0.000
358,ai,84.236,0.000000,70.287,-0.137982,0.000000,0.000000,0.000000,1.000,0.000,0.000,0.000,0.000,0.000000,0.000,0,0.000000,0.000000,0.000000,0.000000,0.000000,0,110.000,0.000,0.000,0.000,inf,0.000000,0.000000,0.000000,110.000,0.000000,coast,0.600000,0.000
359,ai,83.801,0.000000,67.357,-0.131408,0.000000,0.000000,0.000000,1.000,0.000,0.000,0.000,0.000,0.000000,0.000,0,0.000000,0.000000,0.000000,0.000000,0.000000,0,110.000,0.000,0.000,0.000,inf,0.000000,0.000000,0.000000,110.000,0.000000,coast,0.600000,0.000
360,ai,83.447,0.000000,67.608,-0.132941,0.000000,0.000000,0.000000,1.000,0.000,0.000,0.000,0.000,0.000000,0.000,0,0.000000,0.000000,0.000000,0.000000,0.000000,0,110.000,0.000,0.000,0.000,inf,0.000000,0.000000,0.000000,110.000,0.000000,coast,0.600000,0.000
361,ai,83.089,0.000000,69.608,-0.136902,0.000000,0.000000,0.000000,1.000,0.000,0.000,0.000,0.000,0.000000,0.000,0,0.000000,0.000000,0.000000,0.000000,0.000000,0,110.000,0.000,0.000,0.000,inf,0.000000,0.000000,0.000000,110.000,0.000000,coast,0.600000,0.000
362,ai,82.808,0.000000,67.844,-0.131678,0.000000,0.000000,0.000000,1.000,0.000,0.000,0.000,0.000,0.000000,0.000,0,0.000000,0.000000,0.000000,0.000000,0.000000,0,110.000,0.000,0.000,0.000,inf,0.000000,0.000000,0.000000,110.000,0.000000,coast,0.600000,0.000
363,ai,83.059,0.000000,62.909,-0.122254,0.000000,0.000000,0.000000,1.000,0.000,0.000,0.000,0.000,0.000000,0.000,0,0.000000,0.000000,0.000000,0.000000,0.000000,0,110.000,0.000,0.000,0.000,inf,0.000000,0.000000,0.000000,110.000,0.000000,coast,0.600000,0.000
364,ai,83.272,0.000000,60.707,-0.119299,0.000000,0.000000,0.000000,1.000,0.000,0.000,0.000,0.000,0.000000,0.000,0,0.000000,0.000000,0.000000,0.000000,0.000000,0,110.000,0.000,0.000,0.000,inf,0.000000,0.000000,0.000000,110.000,0.000000,coast,0.600000,0.000
365,ai,84.033,0.000000,61.703,-0.120458,0.000000,0.000000,0.000000,1.000,0.000,0.000,0.000,0.000,0.000000,0.000,0,0.000000,0.000000,0.000000,0.000000,0.000000,0,110.000,0.000,0.000,0.000,inf,0.000000,0.000000,0.000000,110.000,0.000000,coast,0.600000,0.000
366,ai,84.847,0.000000,61.384,-0.121165,0.000000,0.000000,0.000000,1.000,0.000,0.000,0.000,0.000,0.000000,0.000,0,0.000000,0.000000,0.000000,0.000000,0.000000,0,110.000,0.000,0.000,0.000,inf,0.000000,0.000000,0.000000,110.000,0.000000,coast,0.600000,0.000
367,ai,85.355,0.000000,65.005,-0.127440,0.000000,0.000000,0.000000,1.000,0.000,0.000,0.000,0.000,0.000000,0.000,0,0.000000,0.000000,0.000000,0.000000,0.000000,0,110.000,0.000,0.000,0.000,inf,0.000000,0.000000,0.000000,110.000,0.000000,coast,0.600000,0.000
368,ai,85.423,0.000000,64.432,-0.125959,0.000000,0.000000,0.000000,1.000,0.000,0.000,0.000,0.000,0.000000,0.000,0,0.000000,0.000000,0.000000,0.000000,0.000000,0,110.000,0.000,0.000,0.000,inf,0.000000,0.000000,0.000000,110.000,0.000000,coast,0.600000,0.000
369,ai,85.514,0.000000,64.113,-0.126502,0.000000,0.000000,0.000000,1.000,0.000,0.000,0.000,0.000,0.000000,0.000,0,0.000000,0.000000,0.000000,0.000000,0.000000,0,110.000,0.000,0.000,0.000,inf,0.000000,0.000000,0.000000,110.000,0.000000,coast,0.600000,0.000
