tick,stage,speed_kph,steering_cmd_norm,steering_wheel_deg,steering_input,throttle_cmd,brake_cmd,lane_offset,lane_confidence,route_heading_error_deg,route_lookahead_m,route_speed_target_kph,route_curve_speed_cap_kph,route_preview_curvature,route_preview_distance_m,route_progress_index,damage
1,ai,0.593,0.000000,-38.759,0.081926,0.000000,0.000000,0.000000,1.000,0.000,0.000,0.000,0.000,0.000000,0.000,0,0.000
2,ai,0.142,0.000000,-99.959,0.191563,0.000000,0.000000,0.000000,1.000,0.000,0.000,0.000,0.000,0.000000,0.000,0,0.000
3,ai,0.812,0.000000,-111.245,0.201821,0.000000,0.000000,0.000000,1.000,0.000,0.000,0.000,0.000,0.000000,0.000,0,0.000
4,ai,1.370,0.000000,-110.844,0.201321,0.000000,0.000000,0.000000,1.000,0.000,0.000,0.000,0.000,0.000000,0.000,0,0.000
5,ai,1.900,0.000000,-110.034,0.199866,0.000000,0.000000,0.000000,1.000,0.000,0.000,0.000,0.000,0.000000,0.000,0,0.000
6,ai,2.478,0.000000,-109.196,0.198375,0.000000,0.000000,0.000000,1.000,0.000,0.000,0.000,0.000,0.000000,0.000,0,0.000
7,ai,3.299,0.000000,-108.076,0.196430,0.000000,0.000000,0.000000,1.000,0.000,0.000,0.000,0.000,0.000000,0.000,0,0.000
8,ai,4.081,0.000000,-107.174,0.194575,0.000000,0.000000,0.000000,1.000,0.000,0.000,0.000,0.000,0.000000,0.000,0,0.000
9,ai,4.488,0.000000,-106.077,0.192601,0.000000,0.000000,0.000000,1.000,0.000,0.000,0.000,0.000,0.000000,0.000,0,0.000
10,ai,5.153,0.000000,-104.363,0.189607,0.000000,0.000000,0.000000,1.000,0.000,0.000,0.000,0.000,0.000000,0.000,0,0.000
11,ai,8.551,0.000000,-102.562,0.186089,0.000000,0.000000,0.000000,1.000,0.000,0.000,0.000,0.000,0.000000,0.000,0,0.000
12,ai,9.902,0.000000,-100.126,0.181442,0.000000,0.000000,0.000000,1.000,0.000,0.000,0.000,0.000,0.000000,0.000,0,0.000
13,ai,4.987,0.000000,-97.075,0.175941,0.000000,0.000000,0.000000,1.000,0.000,0.000,0.000,0.000,0.000000,0.000,0,0.000
14,ai,5.925,0.000000,-93.425,0.169421,0.000000,0.000000,0.000000,1.000,0.000,0.000,0.000,0.000,0.000000,0.000,0,0.000
15,ai,7.631,0.000000,-90.145,0.163348,0.000000,0.000000,0.000000,1.000,0.000,0.000,0.000,0.000,0.000000,0.000,0,0.000
16,ai,8.138,0.000000,-86.790,0.157318,0.000000,0.000000,0.000000,1.000,0.000,0.000,0.000,0.000,0.000000,0.000,0,0.000
17,ai,13.557,0.000000,-83.323,0.150600,0.000000,0.000000,0.000000,1.000,0.000,0.000,0.000,0.000,0.000000,0.000,0,0.000
18,ai,7.826,0.000000,-79.440,0.143577,0.000000,0.000000,0.000000,1.000,0.000,0.000,0.000,0.000,0.000000,0.000,0,0.000
19,ai,9.268,0.000000,-74.552,0.134730,0.000000,0.000000,0.000000,1.000,0.000,0.000,0.000,0.000,0.000000,0.000,0,0.000
20,ai,9.779,0.000000,-69.772,0.126278,0.000000,0.000000,0.000000,1.000,0.000,0.000,0.000,0.000,0.000000,0.000,0,0.000
21,ai,15.198,0.000000,-65.693,0.118745,0.000000,0.000000,0.000000,1.000,0.000,0.000,0.000,0.000,0.000000,0.000,0,0.000
22,ai,10.531,0.000000,-61.563,0.111248,0.000000,0.000000,0.000000,1.000,0.000,0.000,0.000,0.000,0.000000,0.000,0,0.000
23,ai,11.475,0.000000,-57.049,0.102944,0.000000,0.000000,0.000000,1.000,0.000,0.000,0.000,0.000,0.000000,0.000,0,0.000
24,ai,11.591,0.000000,-52.430,0.094661,0.000000,0.000000,0.000000,1.000,0.000,0.000,0.000,0.000,0.000000,0.000,0,0.000
25,ai,12.769,0.000000,-48.051,0.086805,0.000000,0.000000,0.000000,1.000,0.000,0.000,0.000,0.000,0.000000,0.000,0,0.000
26,ai,16.568,0.000000,-43.996,0.079309,0.000000,0.000000,0.000000,1.000,0.000,0.000,0.000,0.000,0.000000,0.000,0,0.000
27,ai,13.289,0.000000,-39.530,0.070798,0.000000,0.000000,0.000000,1.000,0.000,0.000,0.000,0.000,0.000000,0.000,0,0.000
28,ai,14.360,0.000000,-34.144,0.060946,0.000000,0.000000,0.000000,1.000,0.000,0.000,0.000,0.000,0.000000,0.000,0,0.000
29,ai,14.783,0.000000,-28.743,0.051494,0.000000,0.000000,0.000000,1.000,0.000,0.000,0.000,0.000,0.000000,0.000,0,0.000
30,ai,16.883,0.000000,-23.634,0.042190,0.000000,0.000000,0.000000,1.000,0.000,0.000,0.000,0.000,0.000000,0.000,0,0.000
31,ai,18.886,0.000000,-18.251,0.031903,0.000000,0.000000,0.000000,1.000,0.000,0.000,0.000,0.000,0.000000,0.000,0,0.000
32,ai,17.826,0.000000,-12.196,0.009084,0.000000,0.000000,0.000000,1.000,0.000,0.000,0.000,0.000,0.000000,0.000,0,0.000
33,ai,18.285,0.000000,3.643,-0.007449,0.000000,0.000000,0.000000,1.000,0.000,0.000,0.000,0.000,0.000000,0.000,0,0.000
34,ai,19.012,0.000000,9.054,-0.017385,0.000000,0.000000,0.000000,1.000,0.000,0.000,0.000,0.000,0.000000,0.000,0,0.000
35,ai,19.652,0.000000,13.862,-0.025787,0.000000,0.000000,0.000000,1.000,0.000,0.000,0.000,0.000,0.000000,0.000,0,0.000
36,ai,20.694,0.000000,18.136,-0.033815,0.000000,0.000000,0.000000,1.000,0.000,0.000,0.000,0.000,0.000000,0.000,0,0.000
37,ai,21.184,0.000000,22.265,-0.041280,0.000000,0.000000,0.000000,1.000,0.000,0.000,0.000,0.000,0.000000,0.000,0,0.000
38,ai,22.383,0.000000,26.428,-0.048698,0.000000,0.000000,0.000000,1.000,0.000,0.000,0.000,0.000,0.000000,0.000,0,0.000
39,ai,22.280,0.000000,30.587,-0.056487,0.000000,0.000000,0.000000,1.000,0.000,0.000,0.000,0.000,0.000000,0.000,0,0.000
40,ai,23.124,0.000000,34.943,-0.064335,0.000000,0.000000,0.000000,1.000,0.000,0.000,0.000,0.000,0.000000,0.000,0,0.000
41,ai,23.867,0.000000,39.502,-0.072786,0.000000,0.000000,0.000000,1.000,0.000,0.000,0.000,0.000,0.000000,0.000,0,0.000
42,ai,24.900,0.000000,44.328,-0.081457,0.000000,0.000000,0.000000,1.000,0.000,0.000,0.000,0.000,0.000000,0.000,0,0.000
43,ai,25.933,0.000000,49.202,-0.090325,0.000000,0.000000,0.000000,1.000,0.000,0.000,0.000,0.000,0.000000,0.000,0,0.000
44,ai,26.965,0.000000,54.593,-0.099948,0.000000,0.000000,0.000000,1.000,0.000,0.000,0.000,0.000,0.000000,0.000,0,0.000
45,ai,27.716,0.000000,58.328,-0.106676,0.000000,0.000000,0.000000,1.000,0.000,0.000,0.000,0.000,0.000000,0.000,0,0.000
46,ai,28.235,0.000000,61.773,-0.112902,0.000000,0.000000,0.000000,1.000,0.000,0.000,0.000,0.000,0.000000,0.000,0,0.000
47,ai,29.308,0.000000,67.150,-0.123090,0.000000,0.000000,0.000000,1.000,0.000,0.000,0.000,0.000,0.000000,0.000,0,0.000
48,ai,30.013,0.000000,72.678,-0.133077,0.000000,0.000000,0.000000,1.000,0.000,0.000,0.000,0.000,0.000000,0.000,0,0.000
49,ai,31.146,0.000000,77.642,-0.141934,0.000000,0.000000,0.000000,1.000,0.000,0.000,0.000,0.000,0.000000,0.000,0,0.000
50,ai,31.846,0.000000,81.677,-0.149136,0.000000,0.000000,0.000000,1.000,0.000,0.000,0.000,0.000,0.000000,0.000,0,0.000
51,ai,32.823,0.000000,85.033,-0.155107,0.000000,0.000000,0.000000,1.000,0.000,0.000,0.000,0.000,0.000000,0.000,0,0.000
52,ai,33.573,0.000000,87.619,-0.159808,0.000000,0.000000,0.000000,1.000,0.000,0.000,0.000,0.000,0.000000,0.000,0,0.000
53,ai,34.437,0.000000,89.929,-0.163925,0.000000,0.000000,0.000000,1.000,0.000,0.000,0.000,0.000,0.000000,0.000,0,0.000
54,ai,35.625,0.000000,91.392,-0.166430,0.000000,0.000000,0.000000,1.000,0.000,0.000,0.000,0.000,0.000000,0.000,0,0.000
55,ai,36.728,0.000000,92.275,-0.167885,0.000000,0.000000,0.000000,1.000,0.000,0.000,0.000,0.000,0.000000,0.000,0,0.000
56,ai,37.371,0.000000,92.457,-0.168081,0.000000,0.000000,0.000000,1.000,0.000,0.000,0.000,0.000,0.000000,0.000,0,0.000
57,ai,38.578,0.000000,92.001,-0.167103,0.000000,0.000000,0.000000,1.000,0.000,0.000,0.000,0.000,0.000000,0.000,0,0.000
58,ai,39.521,0.000000,90.950,-0.165077,0.000000,0.000000,0.000000,1.000,0.000,0.000,0.000,0.000,0.000000,0.000,0,0.000
59,ai,40.342,0.000000,89.377,-0.162376,0.000000,0.000000,0.000000,1.000,0.000,0.000,0.000,0.000,0.000000,0.000,0,0.000
60,ai,41.068,0.000000,87.473,-0.158691,0.000000,0.000000,0.000000,1.000,0.000,0.000,0.000,0.000,0.000000,0.000,0,0.000
61,ai,42.383,0.000000,85.185,-0.154401,0.000000,0.000000,0.000000,1.000,0.000,0.000,0.000,0.000,0.000000,0.000,0,0.000
62,ai,43.012,0.000000,82.743,-0.150029,0.000000,0.000000,0.000000,1.000,0.000,0.000,0.000,0.000,0.000000,0.000,0,0.000
63,ai,44.004,0.000000,80.163,-0.145250,0.000000,0.000000,0.000000,1.000,0.000,0.000,0.000,0.000,0.000000,0.000,0,0.000
64,ai,44.508,0.000000,77.418,-0.140324,0.000000,0.000000,0.000000,1.000,0.000,0.000,0.000,0.000,0.000000,0.000,0,0.000
65,ai,45.280,0.000000,74.589,-0.135017,0.000000,0.000000,0.000000,1.000,0.000,0.000,0.000,0.000,0.000000,0.000,0,0.000
66,ai,46.276,0.000000,71.440,-0.129308,0.000000,0.000000,0.000000,1.000,0.000,0.000,0.000,0.000,0.000000,0.000,0,0.000
67,ai,47.005,0.000000,68.064,-0.123081,0.000000,0.000000,0.000000,1.000,0.000,0.000,0.000,0.000,0.000000,0.000,0,0.000
68,ai,48.300,0.000000,64.498,-0.116624,0.000000,0.000000,0.000000,1.000,0.000,0.000,0.000,0.000,0.000000,0.000,0,0.000
69,ai,48.714,0.000000,61.024,-0.110288,0.000000,0.000000,0.000000,1.000,0.000,0.000,0.000,0.000,0.000000,0.000,0,0.000
70,ai,49.739,0.000000,57.734,-0.104471,0.000000,0.000000,0.000000,1.000,0.000,0.000,0.000,0.000,0.000000,0.000,0,0.000
71,ai,50.542,0.000000,54.593,-0.098656,0.000000,0.000000,0.000000,1.000,0.000,0.000,0.000,0.000,0.000000,0.000,0,0.000
72,ai,51.539,0.000000,51.691,-0.093437,0.000000,0.000000,0.000000,1.000,0.000,0.000,0.000,0.000,0.000000,0.000,0,0.000
73,ai,52.339,0.000000,49.043,-0.088722,0.000000,0.000000,0.000000,1.000,0.000,0.000,0.000,0.000,0.000000,0.000,0,0.000
74,ai,53.206,0.000000,46.647,-0.084364,0.000000,0.000000,0.000000,1.000,0.000,0.000,0.000,0.000,0.000000,0.000,0,0.000
75,ai,54.413,0.000000,44.445,-0.080442,0.000000,0.000000,0.000000,1.000,0.000,0.000,0.000,0.000,0.000000,0.000,0,0.000
76,ai,54.899,0.000000,42.409,-0.076733,0.000000,0.000000,0.000000,1.000,0.000,0.000,0.000,0.000,0.000000,0.000,0,0.000
77,ai,55.946,0.000000,40.737,-0.073850,0.000000,0.000000,0.000000,1.000,0.000,0.000,0.000,0.000,0.000000,0.000,0,0.000
78,ai,57.136,0.000000,39.413,-0.071415,0.000000,0.000000,0.000000,1.000,0.000,0.000,0.000,0.000,0.000000,0.000,0,0.000
79,ai,57.862,0.000000,38.314,-0.069496,0.000000,0.000000,0.000000,1.000,0.000,0.000,0.000,0.000,0.000000,0.000,0,0.000
80,ai,58.688,0.000000,37.504,-0.068093,0.000000,0.000000,0.000000,1.000,0.000,0.000,0.000,0.000,0.000000,0.000,0,0.000
81,ai,59.641,0.000000,36.892,-0.066989,0.000000,0.000000,0.000000,1.000,0.000,0.000,0.000,0.000,0.000000,0.000,0,0.000
82,ai,60.613,0.000000,36.502,-0.066343,0.000000,0.000000,0.000000,1.000,0.000,0.000,0.000,0.000,0.000000,0.000,0,0.000
83,ai,61.698,0.000000,36.443,-0.066256,0.000000,0.000000,0.000000,1.000,0.000,0.000,0.000,0.000,0.000000,0.000,0,0.000
84,ai,62.530,0.000000,36.609,-0.066597,0.000000,0.000000,0.000000,1.000,0.000,0.000,0.000,0.000,0.000000,0.000,0,0.000
85,ai,63.455,0.000000,36.899,-0.067160,0.000000,0.000000,0.000000,1.000,0.000,0.000,0.000,0.000,0.000000,0.000,0,0.000
86,ai,63.959,0.000000,37.337,-0.067972,0.000000,0.000000,0.000000,1.000,0.000,0.000,0.000,0.000,0.000000,0.000,0,0.000
87,ai,65.052,0.000000,37.858,-0.068911,0.000000,0.000000,0.000000,1.000,0.000,0.000,0.000,0.000,0.000000,0.000,0,0.000
88,ai,65.852,0.000000,38.410,-0.069913,0.000000,0.000000,0.000000,1.000,0.000,0.000,0.000,0.000,0.000000,0.000,0,0.000
89,ai,66.713,0.000000,38.999,-0.071032,0.000000,0.000000,0.000000,1.000,0.000,0.000,0.000,0.000,0.000000,0.000,0,0.000
90,ai,67.885,0.000000,39.776,-0.072485,0.000000,0.000000,0.000000,1.000,0.000,0.000,0.000,0.000,0.000000,0.000,0,0.000
91,ai,69.473,0.000000,40.838,-0.074449,0.000000,0.000000,0.000000,1.000,0.000,0.000,0.000,0.000,0.000000,0.000,0,0.000
92,ai,70.234,0.000000,41.931,-0.076409,0.000000,0.000000,0.000000,1.000,0.000,0.000,0.000,0.000,0.000000,0.000,0,0.000
93,ai,71.371,0.000000,42.835,-0.077988,0.000000,0.000000,0.000000,1.000,0.000,0.000,0.000,0.000,0.000000,0.000,0,0.000
94,ai,72.775,0.000000,43.639,-0.079486,0.000000,0.000000,0.000000,1.000,0.000,0.000,0.000,0.000,0.000000,0.000,0,0.000
95,ai,71.141,0.000000,44.296,-0.080625,0.000000,0.000000,0.000000,1.000,0.000,0.000,0.000,0.000,0.000000,0.000,0,0.000
96,ai,71.045,0.000000,44.732,-0.081398,0.000000,0.000000,0.000000,1.000,0.000,0.000,0.000,0.000,0.000000,0.000,0,0.000
97,ai,70.977,0.000000,45.158,-0.082152,0.000000,0.000000,0.000000,1.000,0.000,0.000,0.000,0.000,0.000000,0.000,0,0.000
98,ai,70.870,0.000000,45.316,-0.082415,0.000000,0.000000,0.000000,1.000,0.000,0.000,0.000,0.000,0.000000,0.000,0,0.000
99,ai,71.719,0.000000,45.262,-0.082264,0.000000,0.000000,0.000000,1.000,0.000,0.000,0.000,0.000,0.000000,0.000,0,0.000
100,ai,76.634,0.000000,45.136,-0.081991,0.000000,0.000000,0.000000,1.000,0.000,0.000,0.000,0.000,0.000000,0.000,0,0.000
101,ai,73.122,0.000000,44.535,-0.080694,0.000000,0.000000,0.000000,1.000,0.000,0.000,0.000,0.000,0.000000,0.000,0,0.000
102,ai,73.750,0.000000,43.251,-0.078318,0.000000,0.000000,0.000000,1.000,0.000,0.000,0.000,0.000,0.000000,0.000,0,0.000
103,ai,74.868,0.000000,41.965,-0.076090,0.000000,0.000000,0.000000,1.000,0.000,0.000,0.000,0.000,0.000000,0.000,0,0.000
104,ai,75.451,0.000000,40.881,-0.074169,0.000000,0.000000,0.000000,1.000,0.000,0.000,0.000,0.000,0.000000,0.000,0,0.000
105,ai,76.273,0.000000,39.993,-0.072579,0.000000,0.000000,0.000000,1.000,0.000,0.000,0.000,0.000,0.000000,0.000,0,0.000
106,ai,76.526,0.000000,39.499,-0.071753,0.000000,0.000000,0.000000,1.000,0.000,0.000,0.000,0.000,0.000000,0.000,0,0.000
107,ai,77.430,0.000000,39.242,-0.071311,0.000000,0.000000,0.000000,1.000,0.000,0.000,0.000,0.000,0.000000,0.000,0,0.000
108,ai,78.105,0.000000,39.051,-0.070955,0.000000,0.000000,0.000000,1.000,0.000,0.000,0.000,0.000,0.000000,0.000,0,0.000
109,ai,78.906,0.000000,38.849,-0.070581,0.000000,0.000000,0.000000,1.000,0.000,0.000,0.000,0.000,0.000000,0.000,0,0.000
110,ai,79.582,0.000000,38.431,-0.069762,0.000000,0.000000,0.000000,1.000,0.000,0.000,0.000,0.000,0.000000,0.000,0,0.000
111,ai,80.029,0.000000,37.793,-0.068578,0.000000,0.000000,0.000000,1.000,0.000,0.000,0.000,0.000,0.000000,0.000,0,0.000
112,ai,80.713,0.000000,37.128,-0.067373,0.000000,0.000000,0.000000,1.000,0.000,0.000,0.000,0.000,0.000000,0.000,0,0.000
113,ai,81.649,0.000000,36.422,-0.066082,0.000000,0.000000,0.000000,1.000,0.000,0.000,0.000,0.000,0.000000,0.000,0,0.000
114,ai,82.303,0.000000,35.642,-0.064631,0.000000,0.000000,0.000000,1.000,0.000,0.000,0.000,0.000,0.000000,0.000,0,0.000
115,ai,83.309,0.000000,34.651,-0.062774,0.000000,0.000000,0.000000,1.000,0.000,0.000,0.000,0.000,0.000000,0.000,0,0.000
116,ai,83.572,0.000000,33.380,-0.060435,0.000000,0.000000,0.000000,1.000,0.000,0.000,0.000,0.000,0.000000,0.000,0,0.000
117,ai,84.459,0.000000,31.932,-0.057768,0.000000,0.000000,0.000000,1.000,0.000,0.000,0.000,0.000,0.000000,0.000,0,0.000
118,ai,85.003,0.000000,30.380,-0.054946,0.000000,0.000000,0.000000,1.000,0.000,0.000,0.000,0.000,0.000000,0.000,0,0.000
119,ai,85.509,0.000000,28.790,-0.052072,0.000000,0.000000,0.000000,1.000,0.000,0.000,0.000,0.000,0.000000,0.000,0,0.000
120,ai,86.283,0.000000,27.153,-0.049059,0.000000,0.000000,0.000000,1.000,0.000,0.000,0.000,0.000,0.000000,0.000,0,0.000
121,ai,87.201,0.000000,25.358,-0.045744,0.000000,0.000000,0.000000,1.000,0.000,0.000,0.000,0.000,0.000000,0.000,0,0.000
122,ai,87.826,0.000000,23.378,-0.042141,0.000000,0.000000,0.000000,1.000,0.000,0.000,0.000,0.000,0.000000,0.000,0,0.000
123,ai,88.451,0.000000,21.463,-0.038718,0.000000,0.000000,0.000000,1.000,0.000,0.000,0.000,0.000,0.000000,0.000,0,0.000
124,ai,89.144,0.000000,19.874,-0.035828,0.000000,0.000000,0.000000,1.000,0.000,0.000,0.000,0.000,0.000000,0.000,0,0.000
125,ai,89.689,0.000000,18.312,-0.033008,0.000000,0.000000,0.000000,1.000,0.000,0.000,0.000,0.000,0.000000,0.000,0,0.000
126,ai,90.069,0.000000,16.705,-0.030049,0.000000,0.000000,0.000000,1.000,0.000,0.000,0.000,0.000,0.000000,0.000,0,0.000
127,ai,90.592,0.000000,14.941,-0.026875,0.000000,0.000000,0.000000,1.000,0.000,0.000,0.000,0.000,0.000000,0.000,0,0.000
128,ai,91.227,0.000000,13.057,-0.023371,0.000000,0.000000,0.000000,1.000,0.000,0.000,0.000,0.000,0.000000,0.000,0,0.000
129,ai,91.897,0.000000,11.068,-0.019765,0.000000,0.000000,0.000000,1.000,0.000,0.000,0.000,0.000,0.000000,0.000,0,0.000
130,ai,92.530,0.000000,9.209,-0.016412,0.000000,0.000000,0.000000,1.000,0.000,0.000,0.000,0.000,0.000000,0.000,0,0.000
131,ai,93.298,0.000000,7.438,-0.013219,0.000000,0.000000,0.000000,1.000,0.000,0.000,0.000,0.000,0.000000,0.000,0,0.000
132,ai,93.733,0.000000,5.972,-0.010597,0.000000,0.000000,0.000000,1.000,0.000,0.000,0.000,0.000,0.000000,0.000,0,0.000
133,ai,94.324,0.000000,4.694,-0.008346,0.000000,0.000000,0.000000,1.000,0.000,0.000,0.000,0.000,0.000000,0.000,0,0.000
134,ai,94.821,0.000000,3.689,-0.006558,0.000000,0.000000,0.000000,1.000,0.000,0.000,0.000,0.000,0.000000,0.000,0,0.000
135,ai,95.288,0.000000,2.770,-0.004879,0.000000,0.000000,0.000000,1.000,0.000,0.000,0.000,0.000,0.000000,0.000,0,0.000
136,ai,95.896,0.000000,1.957,-0.003429,0.000000,0.000000,0.000000,1.000,0.000,0.000,0.000,0.000,0.000000,0.000,0,0.000
137,ai,96.466,0.000000,1.306,-0.002270,0.000000,0.000000,0.000000,1.000,0.000,0.000,0.000,0.000,0.000000,0.000,0,0.000
138,ai,97.160,0.000000,0.827,-0.001446,0.000000,0.000000,0.000000,1.000,0.000,0.000,0.000,0.000,0.000000,0.000,0,0.000
139,ai,97.597,0.000000,0.540,-0.000929,0.000000,0.000000,0.000000,1.000,0.000,0.000,0.000,0.000,0.000000,0.000,0,0.000
140,ai,98.226,0.000000,0.386,-0.000690,0.000000,0.000000,0.000000,1.000,0.000,0.000,0.000,0.000,0.000000,0.000,0,0.000
141,ai,98.699,0.000000,0.353,-0.000645,0.000000,0.000000,0.000000,1.000,0.000,0.000,0.000,0.000,0.000000,0.000,0,0.000
142,ai,99.186,0.000000,0.378,-0.000701,0.000000,0.000000,0.000000,1.000,0.000,0.000,0.000,0.000,0.000000,0.000,0,0.000
143,ai,99.510,0.000000,0.434,-0.000815,0.000000,0.000000,0.000000,1.000,0.000,0.000,0.000,0.000,0.000000,0.000,0,0.000
144,ai,99.782,0.000000,0.541,-0.000998,0.000000,0.000000,0.000000,1.000,0.000,0.000,0.000,0.000,0.000000,0.000,0,0.000
145,ai,100.182,0.000000,0.648,-0.001200,0.000000,0.000000,0.000000,1.000,0.000,0.000,0.000,0.000,0.000000,0.000,0,0.000
146,ai,100.402,0.000000,0.732,-0.001349,0.000000,0.000000,0.000000,1.000,0.000,0.000,0.000,0.000,0.000000,0.000,0,0.000
147,ai,100.597,0.000000,0.814,-0.001500,0.000000,0.000000,0.000000,1.000,0.000,0.000,0.000,0.000,0.000000,0.000,0,0.000
148,ai,100.645,0.000000,0.869,-0.001582,0.000000,0.000000,0.000000,1.000,0.000,0.000,0.000,0.000,0.000000,0.000,0,0.000
149,ai,100.748,0.000000,0.869,-0.001580,0.000000,0.000000,0.000000,1.000,0.000,0.000,0.000,0.000,0.000000,0.000,0,0.000
150,ai,100.810,0.000000,0.836,-0.001508,0.000000,0.000000,0.000000,1.000,0.000,0.000,0.000,0.000,0.000000,0.000,0,0.000
151,ai,100.893,0.000000,0.787,-0.001416,0.000000,0.000000,0.000000,1.000,0.000,0.000,0.000,0.000,0.000000,0.000,0,0.000
152,ai,101.025,0.000000,0.710,-0.001271,0.000000,0.000000,0.000000,1.000,0.000,0.000,0.000,0.000,0.000000,0.000,0,0.000
153,ai,101.143,0.000000,0.610,-0.001094,0.000000,0.000000,0.000000,1.000,0.000,0.000,0.000,0.000,0.000000,0.000,0,0.000
154,ai,101.226,0.000000,0.501,-0.000898,0.000000,0.000000,0.000000,1.000,0.000,0.000,0.000,0.000,0.000000,0.000,0,0.000
155,ai,101.180,0.000000,0.382,-0.000683,0.000000,0.000000,0.000000,1.000,0.000,0.000,0.000,0.000,0.000000,0.000,0,0.000
156,ai,101.292,0.000000,0.259,-0.000442,0.000000,0.000000,0.000000,1.000,0.000,0.000,0.000,0.000,0.000000,0.000,0,0.000
157,ai,101.392,0.000000,0.111,-0.000186,0.000000,0.000000,0.000000,1.000,0.000,0.000,0.000,0.000,0.000000,0.000,0,0.000
158,ai,101.482,0.000000,-0.011,0.000037,0.000000,0.000000,0.000000,1.000,0.000,0.000,0.000,0.000,0.000000,0.000,0,0.000
159,ai,101.460,0.000000,-0.141,0.000279,0.000000,0.000000,0.000000,1.000,0.000,0.000,0.000,0.000,0.000000,0.000,0,0.000
160,ai,101.442,0.000000,-0.230,0.000434,0.000000,0.000000,0.000000,1.000,0.000,0.000,0.000,0.000,0.000000,0.000,0,0.000
161,ai,101.478,0.000000,-0.365,0.000691,0.000000,0.000000,0.000000,1.000,0.000,0.000,0.000,0.000,0.000000,0.000,0,0.000
162,ai,101.445,0.000000,-0.558,0.001056,0.000000,0.000000,0.000000,1.000,0.000,0.000,0.000,0.000,0.000000,0.000,0,0.000
163,ai,101.280,0.000000,-0.776,0.001447,0.000000,0.000000,0.000000,1.000,0.000,0.000,0.000,0.000,0.000000,0.000,0,0.000
164,ai,101.443,0.000000,-0.976,0.001803,0.000000,0.000000,0.000000,1.000,0.000,0.000,0.000,0.000,0.000000,0.000,0,0.000
165,ai,101.425,0.000000,-1.148,0.002117,0.000000,0.000000,0.000000,1.000,0.000,0.000,0.000,0.000,0.000000,0.000,0,0.000
166,ai,101.446,0.000000,-1.245,0.002288,0.000000,0.000000,0.000000,1.000,0.000,0.000,0.000,0.000,0.000000,0.000,0,0.000
167,ai,101.539,0.000000,-1.290,0.002344,0.000000,0.000000,0.000000,1.000,0.000,0.000,0.000,0.000,0.000000,0.000,0,0.000
168,ai,101.511,0.000000,-1.303,0.002377,0.000000,0.000000,0.000000,1.000,0.000,0.000,0.000,0.000,0.000000,0.000,0,0.000
169,ai,101.503,0.000000,-1.312,0.002396,0.000000,0.000000,0.000000,1.000,0.000,0.000,0.000,0.000,0.000000,0.000,0,0.000
170,ai,101.538,0.000000,-1.319,0.002393,0.000000,0.000000,0.000000,1.000,0.000,0.000,0.000,0.000,0.000000,0.000,0,0.000
171,ai,101.458,0.000000,-1.362,0.002489,0.000000,0.000000,0.000000,1.000,0.000,0.000,0.000,0.000,0.000000,0.000,0,0.000
172,ai,101.517,0.000000,-1.439,0.002621,0.000000,0.000000,0.000000,1.000,0.000,0.000,0.000,0.000,0.000000,0.000,0,0.000
173,ai,101.522,0.000000,-1.497,0.002745,0.000000,0.000000,0.000000,1.000,0.000,0.000,0.000,0.000,0.000000,0.000,0,0.000
174,ai,101.546,0.000000,-1.530,0.002783,0.000000,0.000000,0.000000,1.000,0.000,0.000,0.000,0.000,0.000000,0.000,0,0.000
175,ai,101.576,0.000000,-1.526,0.002771,0.000000,0.000000,0.000000,1.000,0.000,0.000,0.000,0.000,0.000000,0.000,0,0.000
176,ai,101.632,0.000000,-1.568,0.002852,0.000000,0.000000,0.000000,1.000,0.000,0.000,0.000,0.000,0.000000,0.000,0,0.000
177,ai,101.632,0.000000,-1.606,0.002941,0.000000,0.000000,0.000000,1.000,0.000,0.000,0.000,0.000,0.000000,0.000,0,0.000
178,ai,101.579,0.000000,-1.663,0.003031,0.000000,0.000000,0.000000,1.000,0.000,0.000,0.000,0.000,0.000000,0.000,0,0.000
179,ai,101.549,0.000000,-1.742,0.003187,0.000000,0.000000,0.000000,1.000,0.000,0.000,0.000,0.000,0.000000,0.000,0,0.000
180,ai,101.522,0.000000,-1.872,0.003418,0.000000,0.000000,0.000000,1.000,0.000,0.000,0.000,0.000,0.000000,0.000,0,0.000
181,ai,101.549,0.000000,-2.008,0.003667,0.000000,0.000000,0.000000,1.000,0.000,0.000,0.000,0.000,0.000000,0.000,0,0.000
182,ai,101.401,0.000000,-2.124,0.003877,0.000000,0.000000,0.000000,1.000,0.000,0.000,0.000,0.000,0.000000,0.000,0,0.000
183,ai,101.556,0.000000,-2.214,0.004059,0.000000,0.000000,0.000000,1.000,0.000,0.000,0.000,0.000,0.000000,0.000,0,0.000
184,ai,101.444,0.000000,-2.307,0.004221,0.000000,0.000000,0.000000,1.000,0.000,0.000,0.000,0.000,0.000000,0.000,0,0.000
185,ai,101.463,0.000000,-2.378,0.004342,0.000000,0.000000,0.000000,1.000,0.000,0.000,0.000,0.000,0.000000,0.000,0,0.000
186,ai,101.432,0.000000,-2.444,0.004427,0.000000,0.000000,0.000000,1.000,0.000,0.000,0.000,0.000,0.000000,0.000,0,0.000
187,ai,101.508,0.000000,-2.485,0.004520,0.000000,0.000000,0.000000,1.000,0.000,0.000,0.000,0.000,0.000000,0.000,0,0.000
188,ai,101.554,0.000000,-2.532,0.004613,0.000000,0.000000,0.000000,1.000,0.000,0.000,0.000,0.000,0.000000,0.000,0,0.000
189,ai,101.511,0.000000,-2.587,0.004711,0.000000,0.000000,0.000000,1.000,0.000,0.000,0.000,0.000,0.000000,0.000,0,0.000
190,ai,101.465,0.000000,-2.637,0.004804,0.000000,0.000000,0.000000,1.000,0.000,0.000,0.000,0.000,0.000000,0.000,0,0.000
191,ai,101.483,0.000000,-2.692,0.004901,0.000000,0.000000,0.000000,1.000,0.000,0.000,0.000,0.000,0.000000,0.000,0,0.000
192,ai,101.479,0.000000,-2.712,0.004926,0.000000,0.000000,0.000000,1.000,0.000,0.000,0.000,0.000,0.000000,0.000,0,0.000
193,ai,101.487,0.000000,-2.687,0.004876,0.000000,0.000000,0.000000,1.000,0.000,0.000,0.000,0.000,0.000000,0.000,0,0.000
194,ai,101.516,0.000000,-2.679,0.004864,0.000000,0.000000,0.000000,1.000,0.000,0.000,0.000,0.000,0.000000,0.000,0,0.000
195,ai,101.484,0.000000,-2.675,0.004863,0.000000,0.000000,0.000000,1.000,0.000,0.000,0.000,0.000,0.000000,0.000,0,0.000
196,ai,101.622,0.000000,-2.619,0.004755,0.000000,0.000000,0.000000,1.000,0.000,0.000,0.000,0.000,0.000000,0.000,0,0.000
197,ai,101.566,0.000000,-2.567,0.004664,0.000000,0.000000,0.000000,1.000,0.000,0.000,0.000,0.000,0.000000,0.000,0,0.000
198,ai,101.564,0.000000,-2.591,0.004707,0.000000,0.000000,0.000000,1.000,0.000,0.000,0.000,0.000,0.000000,0.000,0,0.000
199,ai,101.462,0.000000,-2.661,0.004851,0.000000,0.000000,0.000000,1.000,0.000,0.000,0.000,0.000,0.000000,0.000,0,0.000
200,ai,101.437,0.000000,-2.740,0.004987,0.000000,0.000000,0.000000,1.000,0.000,0.000,0.000,0.000,0.000000,0.000,0,0.000
201,ai,101.569,0.000000,-2.794,0.005086,0.000000,0.000000,0.000000,1.000,0.000,0.000,0.000,0.000,0.000000,0.000,0,0.000
202,ai,101.431,0.000000,-2.823,0.005132,0.000000,0.000000,0.000000,1.000,0.000,0.000,0.000,0.000,0.000000,0.000,0,0.000
203,ai,101.515,0.000000,-2.802,0.005092,0.000000,0.000000,0.000000,1.000,0.000,0.000,0.000,0.000,0.000000,0.000,0,0.000
204,ai,101.546,0.000000,-2.731,0.004963,0.000000,0.000000,0.000000,1.000,0.000,0.000,0.000,0.000,0.000000,0.000,0,0.000
205,ai,101.604,0.000000,-2.662,0.004828,0.000000,0.000000,0.000000,1.000,0.000,0.000,0.000,0.000,0.000000,0.000,0,0.000
206,ai,101.506,0.000000,-2.600,0.004703,0.000000,0.000000,0.000000,1.000,0.000,0.000,0.000,0.000,0.000000,0.000,0,0.000
207,ai,101.636,0.000000,-2.515,0.004551,0.000000,0.000000,0.000000,1.000,0.000,0.000,0.000,0.000,0.000000,0.000,0,0.000
208,ai,101.521,0.000000,-2.426,0.004405,0.000000,0.000000,0.000000,1.000,0.000,0.000,0.000,0.000,0.000000,0.000,0,0.000
209,ai,101.700,0.000000,-2.378,0.004317,0.000000,0.000000,0.000000,1.000,0.000,0.000,0.000,0.000,0.000000,0.000,0,0.000
210,ai,101.660,0.000000,-2.372,0.004303,0.000000,0.000000,0.000000,1.000,0.000,0.000,0.000,0.000,0.000000,0.000,0,0.000
211,ai,101.576,0.000000,-2.357,0.004275,0.000000,0.000000,0.000000,1.000,0.000,0.000,0.000,0.000,0.000000,0.000,0,0.000
212,ai,101.563,0.000000,-2.330,0.004233,0.000000,0.000000,0.000000,1.000,0.000,0.000,0.000,0.000,0.000000,0.000,0,0.000
213,ai,101.542,0.000000,-2.335,0.004249,0.000000,0.000000,0.000000,1.000,0.000,0.000,0.000,0.000,0.000000,0.000,0,0.000
214,ai,101.464,0.000000,-2.339,0.004257,0.000000,0.000000,0.000000,1.000,0.000,0.000,0.000,0.000,0.000000,0.000,0,0.000
215,ai,101.599,0.000000,-2.332,0.004248,0.000000,0.000000,0.000000,1.000,0.000,0.000,0.000,0.000,0.000000,0.000,0,0.000
216,ai,101.325,0.000000,-2.387,0.004348,0.000000,0.000000,0.000000,1.000,0.000,0.000,0.000,0.000,0.000000,0.000,0,0.000
217,ai,101.457,0.000000,-2.428,0.004418,0.000000,0.000000,0.000000,1.000,0.000,0.000,0.000,0.000,0.000000,0.000,0,0.000
218,ai,101.473,0.000000,-2.414,0.004386,0.000000,0.000000,0.000000,1.000,0.000,0.000,0.000,0.000,0.000000,0.000,0,0.000
219,ai,101.486,0.000000,-2.393,0.004347,0.000000,0.000000,0.000000,1.000,0.000,0.000,0.000,0.000,0.000000,0.000,0,0.000
220,ai,101.511,0.000000,-2.329,0.004212,0.000000,0.000000,0.000000,1.000,0.000,0.000,0.000,0.000,0.000000,0.000,0,0.000
221,ai,101.503,0.000000,-2.244,0.004062,0.000000,0.000000,0.000000,1.000,0.000,0.000,0.000,0.000,0.000000,0.000,0,0.000
222,ai,101.538,0.000000,-2.221,0.004038,0.000000,0.000000,0.000000,1.000,0.000,0.000,0.000,0.000,0.000000,0.000,0,0.000
223,ai,101.574,0.000000,-2.232,0.004057,0.000000,0.000000,0.000000,1.000,0.000,0.000,0.000,0.000,0.000000,0.000,0,0.000
224,ai,101.496,0.000000,-2.263,0.004121,0.000000,0.000000,0.000000,1.000,0.000,0.000,0.000,0.000,0.000000,0.000,0,0.000
225,ai,101.483,0.000000,-2.356,0.004308,0.000000,0.000000,0.000000,1.000,0.000,0.000,0.000,0.000,0.000000,0.000,0,0.000
226,ai,101.540,0.000000,-2.494,0.004571,0.000000,0.000000,0.000000,1.000,0.000,0.000,0.000,0.000,0.000000,0.000,0,0.000
227,ai,101.567,0.000000,-2.745,0.005035,0.000000,0.000000,0.000000,1.000,0.000,0.000,0.000,0.000,0.000000,0.000,0,0.000
228,ai,101.643,0.000000,-3.027,0.005565,0.000000,0.000000,0.000000,1.000,0.000,0.000,0.000,0.000,0.000000,0.000,0,0.000
229,ai,101.753,0.000000,-3.329,0.006117,0.000000,0.000000,0.000000,1.000,0.000,0.000,0.000,0.000,0.000000,0.000,0,0.000
230,ai,101.536,0.000000,-3.715,0.006830,0.000000,0.000000,0.000000,1.000,0.000,0.000,0.000,0.000,0.000000,0.000,0,0.000
231,ai,101.594,0.000000,-4.240,0.007810,0.000000,0.000000,0.000000,1.000,0.000,0.000,0.000,0.000,0.000000,0.000,0,0.000
232,ai,101.571,0.000000,-4.922,0.009073,0.000000,0.000000,0.000000,1.000,0.000,0.000,0.000,0.000,0.000000,0.000,0,0.000
233,ai,101.470,0.000000,-5.627,0.010353,0.000000,0.000000,0.000000,1.000,0.000,0.000,0.000,0.000,0.000000,0.000,0,0.000
234,ai,101.566,0.000000,-6.299,0.011546,0.000000,0.000000,0.000000,1.000,0.000,0.000,0.000,0.000,0.000000,0.000,0,0.000
235,ai,101.561,0.000000,-6.660,0.012125,0.000000,0.000000,0.000000,1.000,0.000,0.000,0.000,0.000,0.000000,0.000,0,0.000
236,ai,101.613,0.000000,-6.639,0.012036,0.000000,0.000000,0.000000,1.000,0.000,0.000,0.000,0.000,0.000000,0.000,0,0.000
237,ai,101.590,0.000000,-6.293,0.011350,0.000000,0.000000,0.000000,1.000,0.000,0.000,0.000,0.000,0.000000,0.000,0,0.000
238,ai,101.614,0.000000,-5.647,0.010117,0.000000,0.000000,0.000000,1.000,0.000,0.000,0.000,0.000,0.000000,0.000,0,0.000
239,ai,101.590,0.000000,-4.771,0.008506,0.000000,0.000000,0.000000,1.000,0.000,0.000,0.000,0.000,0.000000,0.000,0,0.000
240,ai,101.505,0.000000,-3.641,0.006363,0.000000,0.000000,0.000000,1.000,0.000,0.000,0.000,0.000,0.000000,0.000,0,0.000
241,ai,101.593,0.000000,-2.192,0.003658,0.000000,0.000000,0.000000,1.000,0.000,0.000,0.000,0.000,0.000000,0.000,0,0.000
242,ai,101.506,0.000000,-0.296,0.000155,0.000000,0.000000,0.000000,1.000,0.000,0.000,0.000,0.000,0.000000,0.000,0,0.000
243,ai,101.541,0.000000,1.982,-0.004053,0.000000,0.000000,0.000000,1.000,0.000,0.000,0.000,0.000,0.000000,0.000,0,0.000
244,ai,101.553,0.000000,4.546,-0.008734,0.000000,0.000000,0.000000,1.000,0.000,0.000,0.000,0.000,0.000000,0.000,0,0.000
245,ai,101.515,0.000000,7.404,-0.014011,0.000000,0.000000,0.000000,1.000,0.000,0.000,0.000,0.000,0.000000,0.000,0,0.000
246,ai,101.505,0.000000,10.504,-0.019604,0.000000,0.000000,0.000000,1.000,0.000,0.000,0.000,0.000,0.000000,0.000,0,0.000
247,ai,101.438,0.000000,13.793,-0.025762,0.000000,0.000000,0.000000,1.000,0.000,0.000,0.000,0.000,0.000000,0.000,0,0.000
248,ai,101.400,0.000000,17.277,-0.032034,0.000000,0.000000,0.000000,1.000,0.000,0.000,0.000,0.000,0.000000,0.000,0,0.000
249,ai,101.482,0.000000,20.863,-0.038613,0.000000,0.000000,0.000000,1.000,0.000,0.000,0.000,0.000,0.000000,0.000,0,0.000
250,ai,101.474,0.000000,24.676,-0.045553,0.000000,0.000000,0.000000,1.000,0.000,0.000,0.000,0.000,0.000000,0.000,0,0.000
251,ai,101.467,0.000000,28.612,-0.052741,0.000000,0.000000,0.000000,1.000,0.000,0.000,0.000,0.000,0.000000,0.000,0,0.000
252,ai,101.446,0.000000,32.456,-0.059664,0.000000,0.000000,0.000000,1.000,0.000,0.000,0.000,0.000,0.000000,0.000,0,0.000
253,ai,101.300,0.000000,36.405,-0.067067,0.000000,0.000000,0.000000,1.000,0.000,0.000,0.000,0.000,0.000000,0.000,0,0.000
254,ai,101.245,0.000000,40.436,-0.074191,0.000000,0.000000,0.000000,1.000,0.000,0.000,0.000,0.000,0.000000,0.000,0,0.000
255,ai,101.369,0.000000,44.172,-0.080978,0.000000,0.000000,0.000000,1.000,0.000,0.000,0.000,0.000,0.000000,0.000,0,0.000
256,ai,101.265,0.000000,47.858,-0.087698,0.000000,0.000000,0.000000,1.000,0.000,0.000,0.000,0.000,0.000000,0.000,0,0.000
257,ai,101.116,0.000000,51.374,-0.094102,0.000000,0.000000,0.000000,1.000,0.000,0.000,0.000,0.000,0.000000,0.000,0,0.000
258,ai,101.160,0.000000,54.976,-0.100660,0.000000,0.000000,0.000000,1.000,0.000,0.000,0.000,0.000,0.000000,0.000,0,0.000
259,ai,101.091,0.000000,58.496,-0.107070,0.000000,0.000000,0.000000,1.000,0.000,0.000,0.000,0.000,0.000000,0.000,0,0.000
260,ai,101.013,0.000000,62.385,-0.114153,0.000000,0.000000,0.000000,1.000,0.000,0.000,0.000,0.000,0.000000,0.000,0,0.000
261,ai,101.328,0.000000,65.965,-0.120574,0.000000,0.000000,0.000000,1.000,0.000,0.000,0.000,0.000,0.000000,0.000,0,0.000
262,ai,100.981,0.000000,69.178,-0.126358,0.000000,0.000000,0.000000,1.000,0.000,0.000,0.000,0.000,0.000000,0.000,0,0.000
263,ai,101.642,0.000000,72.113,-0.131552,0.000000,0.000000,0.000000,1.000,0.000,0.000,0.000,0.000,0.000000,0.000,0,0.000
264,ai,101.188,0.000000,74.234,-0.135313,0.000000,0.000000,0.000000,1.000,0.000,0.000,0.000,0.000,0.000000,0.000,0,0.000
265,ai,100.296,0.000000,76.050,-0.138567,0.000000,0.000000,0.000000,1.000,0.000,0.000,0.000,0.000,0.000000,0.000,0,0.000
266,ai,99.717,0.000000,77.717,-0.141643,0.000000,0.000000,0.000000,1.000,0.000,0.000,0.000,0.000,0.000000,0.000,0,0.000
267,ai,98.885,0.000000,80.546,-0.147073,0.000000,0.000000,0.000000,1.000,0.000,0.000,0.000,0.000,0.000000,0.000,0,0.000
268,ai,98.202,0.000000,83.960,-0.153732,0.000000,0.000000,0.000000,1.000,0.000,0.000,0.000,0.000,0.000000,0.000,0,0.000
269,ai,97.830,0.000000,87.515,-0.159686,0.000000,0.000000,0.000000,1.000,0.000,0.000,0.000,0.000,0.000000,0.000,0,0.000
270,ai,97.288,0.000000,90.443,-0.165368,0.000000,0.000000,0.000000,1.000,0.000,0.000,0.000,0.000,0.000000,0.000,0,0.000
271,ai,97.032,0.000000,92.806,-0.169042,0.000000,0.000000,0.000000,1.000,0.000,0.000,0.000,0.000,0.000000,0.000,0,0.000
272,ai,96.727,0.000000,94.236,-0.171519,0.000000,0.000000,0.000000,1.000,0.000,0.000,0.000,0.000,0.000000,0.000,0,0.000
273,ai,96.330,0.000000,95.387,-0.173542,0.000000,0.000000,0.000000,1.000,0.000,0.000,0.000,0.000,0.000000,0.000,0,0.000
274,ai,95.807,0.000000,96.190,-0.175049,0.000000,0.000000,0.000000,1.000,0.000,0.000,0.000,0.000,0.000000,0.000,0,0.000
275,ai,95.313,0.000000,97.286,-0.177486,0.000000,0.000000,0.000000,1.000,0.000,0.000,0.000,0.000,0.000000,0.000,0,0.000
276,ai,94.727,0.000000,99.487,-0.181341,0.000000,0.000000,0.000000,1.000,0.000,0.000,0.000,0.000,0.000000,0.000,0,0.000
277,ai,94.348,0.000000,102.127,-0.186200,0.000000,0.000000,0.000000,1.000,0.000,0.000,0.000,0.000,0.000000,0.000,0,0.000
278,ai,93.701,0.000000,105.044,-0.191434,0.000000,0.000000,0.000000,1.000,0.000,0.000,0.000,0.000,0.000000,0.000,0,0.000
279,ai,93.260,0.000000,107.744,-0.196419,0.000000,0.000000,0.000000,1.000,0.000,0.000,0.000,0.000,0.000000,0.000,0,0.000
280,ai,92.816,0.000000,110.603,-0.201560,0.000000,0.000000,0.000000,1.000,0.000,0.000,0.000,0.000,0.000000,0.000,0,0.000
281,ai,92.547,0.000000,113.241,-0.206373,0.000000,0.000000,0.000000,1.000,0.000,0.000,0.000,0.000,0.000000,0.000,0,0.000
282,ai,92.352,0.000000,116.046,-0.211493,0.000000,0.000000,0.000000,1.000,0.000,0.000,0.000,0.000,0.000000,0.000,0,0.000
283,ai,91.926,0.000000,118.958,-0.216847,0.000000,0.000000,0.000000,1.000,0.000,0.000,0.000,0.000,0.000000,0.000,0,0.000
284,ai,91.662,0.000000,122.549,-0.223522,0.000000,0.000000,0.000000,1.000,0.000,0.000,0.000,0.000,0.000000,0.000,0,0.000
285,ai,92.239,0.000000,126.784,-0.231429,0.000000,0.000000,0.000000,1.000,0.000,0.000,0.000,0.000,0.000000,0.000,0,0.000
286,ai,91.937,0.000000,131.815,-0.240732,0.000000,0.000000,0.000000,1.000,0.000,0.000,0.000,0.000,0.000000,0.000,0,0.000
287,ai,91.751,0.000000,137.474,-0.250795,0.000000,0.000000,0.000000,1.000,0.000,0.000,0.000,0.000,0.000000,0.000,0,0.000
288,ai,91.583,0.000000,143.669,-0.262392,0.000000,0.000000,0.000000,1.000,0.000,0.000,0.000,0.000,0.000000,0.000,0,0.000
289,ai,91.042,0.000000,150.421,-0.274668,0.000000,0.000000,0.000000,1.000,0.000,0.000,0.000,0.000,0.000000,0.000,0,0.000
290,ai,90.689,0.000000,157.044,-0.286726,0.000000,0.000000,0.000000,1.000,0.000,0.000,0.000,0.000,0.000000,0.000,0,0.000
291,ai,90.102,0.000000,163.596,-0.298712,0.000000,0.000000,0.000000,1.000,0.000,0.000,0.000,0.000,0.000000,0.000,0,0.000
292,ai,89.801,0.000000,169.846,-0.310023,0.000000,0.000000,0.000000,1.000,0.000,0.000,0.000,0.000,0.000000,0.000,0,0.000
293,ai,89.192,0.000000,176.701,-0.322518,0.000000,0.000000,0.000000,1.000,0.000,0.000,0.000,0.000,0.000000,0.000,0,0.000
294,ai,88.677,0.000000,183.306,-0.334557,0.000000,0.000000,0.000000,1.000,0.000,0.000,0.000,0.000,0.000000,0.000,0,0.000
295,ai,88.502,0.000000,190.265,-0.347157,0.000000,0.000000,0.000000,1.000,0.000,0.000,0.000,0.000,0.000000,0.000,0,0.000
296,ai,88.340,0.000000,196.364,-0.358137,0.000000,0.000000,0.000000,1.000,0.000,0.000,0.000,0.000,0.000000,0.000,0,0.000
297,ai,88.164,0.000000,201.377,-0.367106,0.000000,0.000000,0.000000,1.000,0.000,0.000,0.000,0.000,0.000000,0.000,0,0.000
298,ai,88.012,0.000000,205.957,-0.375253,0.000000,0.000000,0.000000,1.000,0.000,0.000,0.000,0.000,0.000000,0.000,0,0.000
299,ai,87.935,0.000000,210.187,-0.383074,0.000000,0.000000,0.000000,1.000,0.000,0.000,0.000,0.000,0.000000,0.000,0,0.000
300,ai,87.743,0.000000,215.227,-0.392326,0.000000,0.000000,0.000000,1.000,0.000,0.000,0.000,0.000,0.000000,0.000,0,0.000
301,ai,87.553,0.000000,220.998,-0.402909,0.000000,0.000000,0.000000,1.000,0.000,0.000,0.000,0.000,0.000000,0.000,0,0.000
302,ai,87.304,0.000000,227.515,-0.414842,0.000000,0.000000,0.000000,1.000,0.000,0.000,0.000,0.000,0.000000,0.000,0,0.000
303,ai,87.352,0.000000,234.322,-0.427309,0.000000,0.000000,0.000000,1.000,0.000,0.000,0.000,0.000,0.000000,0.000,0,0.000
304,ai,87.364,0.000000,240.715,-0.438863,0.000000,0.000000,0.000000,1.000,0.000,0.000,0.000,0.000,0.000000,0.000,0,0.000
305,ai,87.266,0.000000,247.227,-0.450538,0.000000,0.000000,0.000000,1.000,0.000,0.000,0.000,0.000,0.000000,0.000,0,0.000
306,ai,87.240,0.000000,253.271,-0.461509,0.000000,0.000000,0.000000,1.000,0.000,0.000,0.000,0.000,0.000000,0.000,0,0.000
307,ai,87.419,0.000000,258.962,-0.471888,0.000000,0.000000,0.000000,1.000,0.000,0.000,0.000,0.000,0.000000,0.000,0,0.000
308,ai,87.438,0.000000,264.715,-0.482390,0.000000,0.000000,0.000000,1.000,0.000,0.000,0.000,0.000,0.000000,0.000,0,0.000
309,ai,87.302,0.000000,270.472,-0.492863,0.000000,0.000000,0.000000,1.000,0.000,0.000,0.000,0.000,0.000000,0.000,0,0.000
310,ai,87.346,0.000000,276.089,-0.503048,0.000000,0.000000,0.000000,1.000,0.000,0.000,0.000,0.000,0.000000,0.000,0,0.000
311,ai,87.416,0.000000,281.896,-0.513543,0.000000,0.000000,0.000000,1.000,0.000,0.000,0.000,0.000,0.000000,0.000,0,0.000
312,ai,87.060,0.000000,287.348,-0.523429,0.000000,0.000000,0.000000,1.000,0.000,0.000,0.000,0.000,0.000000,0.000,0,0.000
313,ai,87.176,0.000000,292.694,-0.533025,0.000000,0.000000,0.000000,1.000,0.000,0.000,0.000,0.000,0.000000,0.000,0,0.000
314,ai,87.108,0.000000,298.115,-0.543043,0.000000,0.000000,0.000000,1.000,0.000,0.000,0.000,0.000,0.000000,0.000,0,0.000
315,ai,87.202,0.000000,303.093,-0.551935,0.000000,0.000000,0.000000,1.000,0.000,0.000,0.000,0.000,0.000000,0.000,0,0.000
316,ai,87.124,0.000000,308.753,-0.562314,0.000000,0.000000,0.000000,1.000,0.000,0.000,0.000,0.000,0.000000,0.000,0,0.000
317,ai,87.009,0.000000,313.783,-0.571449,0.000000,0.000000,0.000000,1.000,0.000,0.000,0.000,0.000,0.000000,0.000,0,0.000
318,ai,86.842,0.000000,319.318,-0.582964,0.000000,0.000000,0.000000,1.000,0.000,0.000,0.000,0.000,0.000000,0.000,0,0.000
319,ai,86.716,0.000000,325.765,-0.593261,0.000000,0.000000,0.000000,1.000,0.000,0.000,0.000,0.000,0.000000,0.000,0,0.000
320,ai,86.851,0.000000,331.559,-0.604022,0.000000,0.000000,0.000000,1.000,0.000,0.000,0.000,0.000,0.000000,0.000,0,0.000
321,ai,86.815,0.000000,338.128,-0.615662,0.000000,0.000000,0.000000,1.000,0.000,0.000,0.000,0.000,0.000000,0.000,0,0.000
322,ai,86.665,0.000000,343.402,-0.625395,0.000000,0.000000,0.000000,1.000,0.000,0.000,0.000,0.000,0.000000,0.000,0,0.000
323,ai,86.397,0.000000,348.360,-0.634269,0.000000,0.000000,0.000000,1.000,0.000,0.000,0.000,0.000,0.000000,0.000,0,0.000
324,ai,86.470,0.000000,354.228,-0.644806,0.000000,0.000000,0.000000,1.000,0.000,0.000,0.000,0.000,0.000000,0.000,0,0.000
325,ai,86.423,0.000000,359.195,-0.653931,0.000000,0.000000,0.000000,1.000,0.000,0.000,0.000,0.000,0.000000,0.000,0,0.000
326,ai,86.395,0.000000,363.774,-0.662164,0.000000,0.000000,0.000000,1.000,0.000,0.000,0.000,0.000,0.000000,0.000,0,0.000
327,ai,86.298,0.000000,367.968,-0.669869,0.000000,0.000000,0.000000,1.000,0.000,0.000,0.000,0.000,0.000000,0.000,0,0.000
328,ai,86.125,0.000000,374.286,-0.681374,0.000000,0.000000,0.000000,1.000,0.000,0.000,0.000,0.000,0.000000,0.000,0,0.000
329,ai,86.071,0.000000,379.033,-0.690085,0.000000,0.000000,0.000000,1.000,0.000,0.000,0.000,0.000,0.000000,0.000,0,0.000
330,ai,85.813,0.000000,386.513,-0.703793,0.000000,0.000000,0.000000,1.000,0.000,0.000,0.000,0.000,0.000000,0.000,0,0.000
331,ai,85.672,0.000000,391.959,-0.713643,0.000000,0.000000,0.000000,1.000,0.000,0.000,0.000,0.000,0.000000,0.000,0,0.000
332,ai,85.535,0.000000,397.378,-0.723369,0.000000,0.000000,0.000000,1.000,0.000,0.000,0.000,0.000,0.000000,0.000,0,0.000
333,ai,85.399,0.000000,405.031,-0.737320,0.000000,0.000000,0.000000,1.000,0.000,0.000,0.000,0.000,0.000000,0.000,0,0.000
334,ai,85.280,0.000000,409.890,-0.746021,0.000000,0.000000,0.000000,1.000,0.000,0.000,0.000,0.000,0.000000,0.000,0,0.000
335,ai,85.449,0.000000,417.202,-0.759394,0.000000,0.000000,0.000000,1.000,0.000,0.000,0.000,0.000,0.000000,0.000,0,0.000
336,ai,85.216,0.000000,421.995,-0.768117,0.000000,0.000000,0.000000,1.000,0.000,0.000,0.000,0.000,0.000000,0.000,0,0.000
337,ai,92.163,0.000000,403.949,-0.725539,0.000000,0.000000,0.000000,1.000,0.000,0.000,0.000,0.000,0.000000,0.000,0,157.978
338,ai,86.447,0.000000,357.034,-0.645852,0.000000,0.000000,0.000000,1.000,0.000,0.000,0.000,0.000,0.000000,0.000,0,158.440
339,ai,89.049,0.000000,317.484,-0.571584,0.000000,1.000000,0.000000,1.000,0.000,0.000,0.000,0.000,0.000000,0.000,0,240.144
